OA,Output Area Classification,LSOA,Family Hub,Number,Cluster,OAC
E00048575,Achieving Minorities,E01009589,Park Edge,4.31,4c1,4c1 Achieving Minorities
E00048574,Multi-Ethnic Professionals with Families,E01009589,Park Edge,5.12,5a2,5a2 Multi-Ethnic Professionals with Families
E00048576,Social Renting Young Families,E01009589,Park Edge,4.11,4a1,4a1 Social Renting Young Families
E00048529,Multi-Ethnic Professionals with Families,E01009589,Park Edge,5.12,5a2,5a2 Multi-Ethnic Professionals with Families
E00048542,Private Renting New Arrivals,E01009589,Park Edge,4.12,4a2,4a2 Private Renting New Arrivals
E00048606,Families in Terraces and Flats,E01032536,Park Edge,5.13,5a3,5a3 Families in Terraces and Flats
E00048608,Families in Terraces and Flats,E01032536,Park Edge,5.13,5a3,5a3 Families in Terraces and Flats
E00048590,Achieving Minorities,E01032536,Park Edge,4.31,4c1,4c1 Achieving Minorities
E00048607,Achieving Minorities,E01032536,Park Edge,4.31,4c1,4c1 Achieving Minorities
E00048612,Multi-Ethnic Hardship,E01032536,Park Edge,7.13,7a3,7a3 Multi-Ethnic Hardship
E00048591,Private Renting New Arrivals,E01032536,Park Edge,4.12,4a2,4a2 Private Renting New Arrivals
E00048615,Achieving Minorities,E01032537,Park Edge,4.31,4c1,4c1 Achieving Minorities
E00048617,Achieving Minorities,E01032537,Park Edge,4.31,4c1,4c1 Achieving Minorities
E00048618,Achieving Minorities,E01032537,Park Edge,4.31,4c1,4c1 Achieving Minorities
E00048611,Multi-Ethnic Professionals with Families,E01032537,Park Edge,5.12,5a2,5a2 Multi-Ethnic Professionals with Families
E00048614,Multi-Ethnic Professionals with Families,E01032537,Park Edge,5.12,5a2,5a2 Multi-Ethnic Professionals with Families
E00048613,Private Renting New Arrivals,E01032537,Park Edge,4.12,4a2,4a2 Private Renting New Arrivals
E00048619,Self-Sufficient Retirement,E01032537,Park Edge,5.23,5b3,5b3 Self-Sufficient Retirement
E00048623,Achieving Minorities,E01032538,Park Edge,4.31,4c1,4c1 Achieving Minorities
E00048583,Social Renting Young Families,E01032538,Park Edge,4.11,4a1,4a1 Social Renting Young Families
E00048592,Social Renting Young Families,E01032538,Park Edge,4.11,4a1,4a1 Social Renting Young Families
E00048609,Social Renting Young Families,E01032538,Park Edge,4.11,4a1,4a1 Social Renting Young Families
E00048616,Social Renting Young Families,E01032538,Park Edge,4.11,4a1,4a1 Social Renting Young Families
E00048610,Private Renting New Arrivals,E01032538,Park Edge,4.12,4a2,4a2 Private Renting New Arrivals
E00048621,Private Renting New Arrivals,E01032538,Park Edge,4.12,4a2,4a2 Private Renting New Arrivals
E00048543,Deprived Blue-Collar Terraces,E01009590,Pathways,8.21,8b1,8b1 Deprived Blue-Collar Terraces
E00048582,Industrious Transitions,E01009590,Pathways,8.11,8a1,8a1 Industrious Transitions
E00048581,Older Workers and Retirement,E01009590,Pathways,6.24,6b4,6b4 Older Workers and Retirement
E00048540,White Professionals,E01009590,Pathways,5.11,5a1,5a1 White Professionals
E00048539,Achieving Minorities,E01009591,Pathways,4.31,4c1,4c1 Achieving Minorities
E00048577,Achieving Minorities,E01009591,Pathways,4.31,4c1,4c1 Achieving Minorities
E00048578,Achieving Minorities,E01009591,Pathways,4.31,4c1,4c1 Achieving Minorities
E00048580,Achieving Minorities,E01009591,Pathways,4.31,4c1,4c1 Achieving Minorities
E00048546,Industrious Transitions,E01009591,Pathways,8.11,8a1,8a1 Industrious Transitions
E00048533,Achieving Minorities,E01009593,Pathways,4.31,4c1,4c1 Achieving Minorities
E00048535,Achieving Minorities,E01009593,Pathways,4.31,4c1,4c1 Achieving Minorities
E00048553,Achieving Minorities,E01009593,Pathways,4.31,4c1,4c1 Achieving Minorities
E00048547,Multicultural New Arrivals,E01009593,Pathways,4.32,4c2,4c2 Multicultural New Arrivals
E00048541,Multi-Ethnic Suburbia,E01009593,Pathways,6.21,6b1,6b1 Multi-Ethnic Suburbia
E00048556,Achieving Minorities,E01009598,Pathways,4.31,4c1,4c1 Achieving Minorities
E00048563,Achieving Minorities,E01009598,Pathways,4.31,4c1,4c1 Achieving Minorities
E00048570,Achieving Minorities,E01009598,Pathways,4.31,4c1,4c1 Achieving Minorities
E00048526,Multi-Ethnic Professionals with Families,E01009598,Pathways,5.12,5a2,5a2 Multi-Ethnic Professionals with Families
E00048538,Multi-Ethnic Professionals with Families,E01009598,Pathways,5.12,5a2,5a2 Multi-Ethnic Professionals with Families
E00048624,Achieving Minorities,E01009604,Park Edge,4.31,4c1,4c1 Achieving Minorities
E00048627,Achieving Minorities,E01009604,Park Edge,4.31,4c1,4c1 Achieving Minorities
E00048629,Achieving Minorities,E01009604,Park Edge,4.31,4c1,4c1 Achieving Minorities
E00048620,Hard-Pressed Ethnic Mix,E01009604,Park Edge,8.42,8d2,8d2 Hard-Pressed Ethnic Mix
E00048628,Social Renting Young Families,E01009604,Park Edge,4.11,4a1,4a1 Social Renting Young Families
E00048593,Hard-Pressed Ethnic Mix,E01009605,Park Edge,8.42,8d2,8d2 Hard-Pressed Ethnic Mix
E00048585,Social Renting Young Families,E01009605,Park Edge,4.11,4a1,4a1 Social Renting Young Families
E00048622,Social Renting Young Families,E01009605,Park Edge,4.11,4a1,4a1 Social Renting Young Families
E00048630,Social Renting Young Families,E01009605,Park Edge,4.11,4a1,4a1 Social Renting Young Families
E00048584,Multi-Ethnic Hardship,E01009605,Park Edge,7.13,7a3,7a3 Multi-Ethnic Hardship
E00048641,Constrained Neighbourhoods,E01009607,Park Edge,3.31,3c1,3c1 Constrained Neighbourhoods
E00048634,Deprived Neighbourhoods,E01009607,Park Edge,7.22,7b2,7b2 Deprived Neighbourhoods
E00048638,Eastern European Communities,E01009607,Park Edge,7.21,7b1,7b1 Eastern European Communities
E00048595,Social Renting Young Families,E01009607,Park Edge,4.11,4a1,4a1 Social Renting Young Families
E00048596,Social Renting Young Families,E01009607,Park Edge,4.11,4a1,4a1 Social Renting Young Families
E00048639,Multi-Ethnic Hardship,E01009607,Park Edge,7.13,7a3,7a3 Multi-Ethnic Hardship
E00048632,Communal Retirement,E01009608,Park Edge,5.22,5b2,5b2 Communal Retirement
E00048625,Hard-Pressed Ethnic Mix,E01009608,Park Edge,8.42,8d2,8d2 Hard-Pressed Ethnic Mix
E00048587,Social Renting Young Families,E01009608,Park Edge,4.11,4a1,4a1 Social Renting Young Families
E00048640,Social Renting Young Families,E01009608,Park Edge,4.11,4a1,4a1 Social Renting Young Families
E00048631,Pakistani Communities,E01009608,Park Edge,4.22,4b2,4b2 Pakistani Communities
E00048602,Achieving Minorities,E01009610,Park Edge,4.31,4c1,4c1 Achieving Minorities
E00048588,Hard-Pressed Ethnic Mix,E01009610,Park Edge,8.42,8d2,8d2 Hard-Pressed Ethnic Mix
E00048589,Social Renting Young Families,E01009610,Park Edge,4.11,4a1,4a1 Social Renting Young Families
E00048599,Social Renting Young Families,E01009610,Park Edge,4.11,4a1,4a1 Social Renting Young Families
E00048598,Multi-Ethnic Hardship,E01009610,Park Edge,7.13,7a3,7a3 Multi-Ethnic Hardship
E00048422,Asian Terraces and Flats,E01009564,Park Edge,4.21,4b1,4b1 Asian Terraces and Flats
E00048430,Asian Terraces and Flats,E01009564,Park Edge,4.21,4b1,4b1 Asian Terraces and Flats
E00048434,Asian Terraces and Flats,E01009564,Park Edge,4.21,4b1,4b1 Asian Terraces and Flats
E00048435,Asian Terraces and Flats,E01009564,Park Edge,4.21,4b1,4b1 Asian Terraces and Flats
E00048429,Asian Terraces and Flats,E01009575,Park Edge,4.21,4b1,4b1 Asian Terraces and Flats
E00048433,Achieving Minorities,E01009575,Park Edge,4.31,4c1,4c1 Achieving Minorities
E00048432,Pakistani Communities,E01009575,Park Edge,4.22,4b2,4b2 Pakistani Communities
E00048431,Private Renting New Arrivals,E01009575,Park Edge,4.12,4a2,4a2 Private Renting New Arrivals
E00048626,Achieving Minorities,E01009606,Park Edge,4.31,4c1,4c1 Achieving Minorities
E00048633,Achieving Minorities,E01009606,Park Edge,4.31,4c1,4c1 Achieving Minorities
E00048637,Achieving Minorities,E01009606,Park Edge,4.31,4c1,4c1 Achieving Minorities
E00048635,Social Renting Young Families,E01009606,Park Edge,4.11,4a1,4a1 Social Renting Young Families
E00048636,Social Renting Young Families,E01009606,Park Edge,4.11,4a1,4a1 Social Renting Young Families
E00048600,Asian Terraces and Flats,E01009609,Park Edge,4.21,4b1,4b1 Asian Terraces and Flats
E00048597,Multicultural New Arrivals,E01009609,Park Edge,4.32,4c2,4c2 Multicultural New Arrivals
E00048586,Social Renting Young Families,E01009609,Park Edge,4.11,4a1,4a1 Social Renting Young Families
E00048594,Pakistani Communities,E01009609,Park Edge,4.22,4b2,4b2 Pakistani Communities
E00048642,Pakistani Communities,E01009609,Park Edge,4.22,4b2,4b2 Pakistani Communities
E00048215,Ageing Industrious Workers,E01009524,Pathways,8.31,8c1,8c1 Ageing Industrious Workers
E00048223,Deprived Blue-Collar Terraces,E01009524,Pathways,8.21,8b1,8b1 Deprived Blue-Collar Terraces
E00048217,Social Renting Young Families,E01009524,Pathways,4.11,4a1,4a1 Social Renting Young Families
E00048248,Older Workers and Retirement,E01009524,Pathways,6.24,6b4,6b4 Older Workers and Retirement
E00048214,White Professionals,E01009524,Pathways,5.11,5a1,5a1 White Professionals
E00048250,Retired Independent City Dwellers,E01009524,Pathways,7.42,7d2,7d2 Retired Independent City Dwellers
E00048213,Achieving Minorities,E01009525,Pathways,4.31,4c1,4c1 Achieving Minorities
E00048209,Multi-Ethnic Suburbia,E01009525,Pathways,6.21,6b1,6b1 Multi-Ethnic Suburbia
E00048210,Multi-Ethnic Professionals with Families,E01009525,Pathways,5.12,5a2,5a2 Multi-Ethnic Professionals with Families
E00048211,Multi-Ethnic Professionals with Families,E01009525,Pathways,5.12,5a2,5a2 Multi-Ethnic Professionals with Families
E00048219,White Professionals,E01009525,Pathways,5.11,5a1,5a1 White Professionals
E00048222,Hampered Aspiration,E01009527,Pathways,7.12,7a2,7a2 Hampered Aspiration
E00048216,Multi-Ethnic Professionals with Families,E01009527,Pathways,5.12,5a2,5a2 Multi-Ethnic Professionals with Families
E00048221,Multi-Ethnic Professionals with Families,E01009527,Pathways,5.12,5a2,5a2 Multi-Ethnic Professionals with Families
E00048204,White Professionals,E01009527,Pathways,5.11,5a1,5a1 White Professionals
E00048225,White Professionals,E01009527,Pathways,5.11,5a1,5a1 White Professionals
E00048565,Hard-Pressed Ethnic Mix,E01009594,Pathways,8.42,8d2,8d2 Hard-Pressed Ethnic Mix
E00048550,Industrious Transitions,E01009594,Pathways,8.11,8a1,8a1 Industrious Transitions
E00048537,Multi-Ethnic Suburbia,E01009594,Pathways,6.21,6b1,6b1 Multi-Ethnic Suburbia
E00048497,Established Renting Families,E01009577,The Moat,3.11,3a1,3a1 Established Renting Families
E00048500,Established Renting Families,E01009577,The Moat,3.11,3a1,3a1 Established Renting Families
E00048480,Social Renting Young Families,E01009577,The Moat,4.11,4a1,4a1 Social Renting Young Families
E00048495,Social Renting Young Families,E01009577,The Moat,4.11,4a1,4a1 Social Renting Young Families
E00048492,Multi-Ethnic Hardship,E01009577,The Moat,7.13,7a3,7a3 Multi-Ethnic Hardship
E00048514,Constrained Neighbourhoods,E01009579,The Moat,3.31,3c1,3c1 Constrained Neighbourhoods
E00048517,Constrained Neighbourhoods,E01009579,The Moat,3.31,3c1,3c1 Constrained Neighbourhoods
E00048508,Established Renting Families,E01009579,The Moat,3.11,3a1,3a1 Established Renting Families
E00048481,Hard-Pressed Ethnic Mix,E01009579,The Moat,8.42,8d2,8d2 Hard-Pressed Ethnic Mix
E00048505,Social Renting Young Families,E01009579,The Moat,4.11,4a1,4a1 Social Renting Young Families
E00048506,Multi-Ethnic Hardship,E01009579,The Moat,7.13,7a3,7a3 Multi-Ethnic Hardship
E00165741,Hard-Pressed Ethnic Mix,E01009581,The Moat,8.42,8d2,8d2 Hard-Pressed Ethnic Mix
E00048473,Social Renting Young Families,E01009581,The Moat,4.11,4a1,4a1 Social Renting Young Families
E00048509,Social Renting Young Families,E01009581,The Moat,4.11,4a1,4a1 Social Renting Young Families
E00165742,Social Renting Young Families,E01009581,The Moat,4.11,4a1,4a1 Social Renting Young Families
E00048478,Industrious Transitions,E01009584,The Moat,8.11,8a1,8a1 Industrious Transitions
E00048482,Industrious Transitions,E01009584,The Moat,8.11,8a1,8a1 Industrious Transitions
E00048483,Industrious Transitions,E01009584,The Moat,8.11,8a1,8a1 Industrious Transitions
E00048489,Industrious Transitions,E01009584,The Moat,8.11,8a1,8a1 Industrious Transitions
E00048484,Social Renting Young Families,E01009584,The Moat,4.11,4a1,4a1 Social Renting Young Families
E00172211,Multi-Ethnic Hardship,E01009585,The Moat,7.13,7a3,7a3 Multi-Ethnic Hardship
E00048479,Social Renting Young Families,E01009585,The Moat,4.11,4a1,4a1 Social Renting Young Families
E00048486,Social Renting Young Families,E01009585,The Moat,4.11,4a1,4a1 Social Renting Young Families
E00048485,Multi-Ethnic Hardship,E01009585,The Moat,7.13,7a3,7a3 Multi-Ethnic Hardship
E00172212,Established Renting Families,E01009709,The Moat,3.11,3a1,3a1 Established Renting Families
E00049157,Social Renting Young Families,E01009709,The Moat,4.11,4a1,4a1 Social Renting Young Families
E00049158,Social Renting Young Families,E01009709,The Moat,4.11,4a1,4a1 Social Renting Young Families
E00048471,Multi-Ethnic Professionals with Families,E01009576,The Moat,5.12,5a2,5a2 Multi-Ethnic Professionals with Families
E00048507,Multi-Ethnic Professionals with Families,E01009576,The Moat,5.12,5a2,5a2 Multi-Ethnic Professionals with Families
E00048501,Social Renting Young Families,E01009576,The Moat,4.11,4a1,4a1 Social Renting Young Families
E00048499,Multi-Ethnic Hardship,E01009576,The Moat,7.13,7a3,7a3 Multi-Ethnic Hardship
E00048502,White Professionals,E01009576,The Moat,5.11,5a1,5a1 White Professionals
E00048474,Multi-Ethnic Professionals with Families,E01009578,The Moat,5.12,5a2,5a2 Multi-Ethnic Professionals with Families
E00048504,Multi-Ethnic Professionals with Families,E01009578,The Moat,5.12,5a2,5a2 Multi-Ethnic Professionals with Families
E00048498,Multi-Ethnic Suburbia,E01009578,The Moat,6.21,6b1,6b1 Multi-Ethnic Suburbia
E00048503,Indian Tech Achievers,E01009578,The Moat,6.11,6a1,6a1 Indian Tech Achievers
E00048520,Delayed Retirement,E01009582,The Moat,5.21,5b1,5b1 Delayed Retirement
E00048472,Communal Retirement,E01009582,The Moat,5.22,5b2,5b2 Communal Retirement
E00048510,Social Renting Young Families,E01009582,The Moat,4.11,4a1,4a1 Social Renting Young Families
E00048511,Social Renting Young Families,E01009582,The Moat,4.11,4a1,4a1 Social Renting Young Families
E00048519,Social Renting Young Families,E01009582,The Moat,4.11,4a1,4a1 Social Renting Young Families
E00048518,Achieving Minorities,E01009583,The Moat,4.31,4c1,4c1 Achieving Minorities
E00048523,Achieving Minorities,E01009583,The Moat,4.31,4c1,4c1 Achieving Minorities
E00048475,Inner City Ethnic Mix,E01009583,The Moat,4.33,4c3,4c3 Inner City Ethnic Mix
E00048476,Social Renting Young Families,E01009583,The Moat,4.11,4a1,4a1 Social Renting Young Families
E00048521,Social Renting Young Families,E01009583,The Moat,4.11,4a1,4a1 Social Renting Young Families
E00048496,Achieving Minorities,E01009586,The Moat,4.31,4c1,4c1 Achieving Minorities
E00048487,Industrious Transitions,E01009586,The Moat,8.11,8a1,8a1 Industrious Transitions
E00048488,Industrious Transitions,E01009586,The Moat,8.11,8a1,8a1 Industrious Transitions
E00048491,White Professionals,E01009586,The Moat,5.11,5a1,5a1 White Professionals
E00048494,White Professionals,E01009586,The Moat,5.11,5a1,5a1 White Professionals
E00048423,Pakistani Communities,E01009565,Families for All,4.22,4b2,4b2 Pakistani Communities
E00048436,Pakistani Communities,E01009565,Families for All,4.22,4b2,4b2 Pakistani Communities
E00172160,Pakistani Communities,E01009565,Families for All,4.22,4b2,4b2 Pakistani Communities
E00172161,Pakistani Communities,E01009565,Families for All,4.22,4b2,4b2 Pakistani Communities
E00048426,Asian Terraces and Flats,E01009566,Families for All,4.21,4b1,4b1 Asian Terraces and Flats
E00048445,Asian Terraces and Flats,E01009566,Families for All,4.21,4b1,4b1 Asian Terraces and Flats
E00048448,Asian Terraces and Flats,E01009566,Families for All,4.21,4b1,4b1 Asian Terraces and Flats
E00048459,Asian Terraces and Flats,E01009566,Families for All,4.21,4b1,4b1 Asian Terraces and Flats
E00048439,Asian Terraces and Flats,E01009567,Families for All,4.21,4b1,4b1 Asian Terraces and Flats
E00048447,Asian Terraces and Flats,E01009567,Families for All,4.21,4b1,4b1 Asian Terraces and Flats
E00048438,Pakistani Communities,E01009567,Families for All,4.22,4b2,4b2 Pakistani Communities
E00048441,Pakistani Communities,E01009567,Families for All,4.22,4b2,4b2 Pakistani Communities
E00048444,Young Families and Students,E01009567,Families for All,3.12,3a2,3a2 Young Families and Students
E00048440,Asian Terraces and Flats,E01009568,Families for All,4.21,4b1,4b1 Asian Terraces and Flats
E00048446,Asian Terraces and Flats,E01009568,Families for All,4.21,4b1,4b1 Asian Terraces and Flats
E00048437,Pakistani Communities,E01009568,Families for All,4.22,4b2,4b2 Pakistani Communities
E00048442,Pakistani Communities,E01009568,Families for All,4.22,4b2,4b2 Pakistani Communities
E00048249,Detached Retirement Living,E01009523,Pathways,6.13,6a3,6a3 Detached Retirement Living
E00048252,Detached Retirement Living,E01009523,Pathways,6.13,6a3,6a3 Detached Retirement Living
E00048253,Detached Rural Retirement,E01009523,Pathways,1.33,1c3,1c3 Detached Rural Retirement
E00048251,White Suburban Communities,E01009523,Pathways,6.22,6b2,6b2 White Suburban Communities
E00048226,Deprived Blue-Collar Terraces,E01009526,Pathways,8.21,8b1,8b1 Deprived Blue-Collar Terraces
E00048218,White Professionals,E01009526,Pathways,5.11,5a1,5a1 White Professionals
E00048220,White Professionals,E01009526,Pathways,5.11,5a1,5a1 White Professionals
E00048241,White Professionals,E01009526,Pathways,5.11,5a1,5a1 White Professionals
E00048235,Semi-Detached Ageing,E01009526,Pathways,6.23,6b3,6b3 Semi-Detached Ageing
E00048212,Multi-Ethnic Professionals with Families,E01009528,Pathways,5.12,5a2,5a2 Multi-Ethnic Professionals with Families
E00048239,Older Workers and Retirement,E01009528,Pathways,6.24,6b4,6b4 Older Workers and Retirement
E00048224,White Suburban Communities,E01009528,Pathways,6.22,6b2,6b2 White Suburban Communities
E00048205,Semi-Detached Ageing,E01009528,Pathways,6.23,6b3,6b3 Semi-Detached Ageing
E00048234,Semi-Detached Ageing,E01009528,Pathways,6.23,6b3,6b3 Semi-Detached Ageing
E00048240,Ageing Industrious Workers,E01009531,Pathways,8.31,8c1,8c1 Ageing Industrious Workers
E00048243,Outer City Hardship,E01009531,Pathways,7.33,7c3,7c3 Outer City Hardship
E00048236,Self-Sufficient Retirement,E01009531,Pathways,5.23,5b3,5b3 Self-Sufficient Retirement
E00048238,Self-Sufficient Retirement,E01009531,Pathways,5.23,5b3,5b3 Self-Sufficient Retirement
E00048244,Self-Sufficient Retirement,E01009531,Pathways,5.23,5b3,5b3 Self-Sufficient Retirement
E00048245,Self-Sufficient Retirement,E01009531,Pathways,5.23,5b3,5b3 Self-Sufficient Retirement
E00048568,Achieving Minorities,E01009587,Pathways,4.31,4c1,4c1 Achieving Minorities
E00048571,Achieving Minorities,E01009587,Pathways,4.31,4c1,4c1 Achieving Minorities
E00048528,Asian Terraces and Flats,E01009587,Pathways,4.21,4b1,4b1 Asian Terraces and Flats
E00048573,Multicultural New Arrivals,E01009587,Pathways,4.32,4c2,4c2 Multicultural New Arrivals
E00048572,Private Renting New Arrivals,E01009587,Pathways,4.12,4a2,4a2 Private Renting New Arrivals
E00048715,Achieving Minorities,E01009624,Pathways,4.31,4c1,4c1 Achieving Minorities
E00048725,Achieving Minorities,E01009624,Pathways,4.31,4c1,4c1 Achieving Minorities
E00048719,Asian Terraces and Flats,E01009624,Pathways,4.21,4b1,4b1 Asian Terraces and Flats
E00048716,Multicultural New Arrivals,E01009624,Pathways,4.32,4c2,4c2 Multicultural New Arrivals
E00048697,Private Renting New Arrivals,E01009624,Pathways,4.12,4a2,4a2 Private Renting New Arrivals
E00172162,Achieving Minorities,E01009625,Pathways,4.31,4c1,4c1 Achieving Minorities
E00172163,Achieving Minorities,E01009625,Pathways,4.31,4c1,4c1 Achieving Minorities
E00172177,Achieving Minorities,E01009625,Pathways,4.31,4c1,4c1 Achieving Minorities
E00048727,Achieving Minorities,E01009625,Pathways,4.31,4c1,4c1 Achieving Minorities
E00048729,Achieving Minorities,E01009625,Pathways,4.31,4c1,4c1 Achieving Minorities
E00048700,Asian Terraces and Flats,E01009625,Pathways,4.21,4b1,4b1 Asian Terraces and Flats
E00048730,Social Renting Young Families,E01009625,Pathways,4.11,4a1,4a1 Social Renting Young Families
E00048712,Achieving Minorities,E01009626,Pathways,4.31,4c1,4c1 Achieving Minorities
E00048713,Achieving Minorities,E01009626,Pathways,4.31,4c1,4c1 Achieving Minorities
E00048717,Achieving Minorities,E01009626,Pathways,4.31,4c1,4c1 Achieving Minorities
E00048721,Achieving Minorities,E01009626,Pathways,4.31,4c1,4c1 Achieving Minorities
E00048726,Asian Terraces and Flats,E01009626,Pathways,4.21,4b1,4b1 Asian Terraces and Flats
E00048718,Hard-Pressed Ethnic Mix,E01009622,Pathways,8.42,8d2,8d2 Hard-Pressed Ethnic Mix
E00048698,Social Renting Young Families,E01009622,Pathways,4.11,4a1,4a1 Social Renting Young Families
E00048699,Social Renting Young Families,E01009622,Pathways,4.11,4a1,4a1 Social Renting Young Families
E00048722,Social Renting Young Families,E01009622,Pathways,4.11,4a1,4a1 Social Renting Young Families
E00048723,Social Renting Young Families,E01009622,Pathways,4.11,4a1,4a1 Social Renting Young Families
E00048728,Hard-Pressed European Settlers,E01009622,Pathways,8.43,8d3,8d3 Hard-Pressed European Settlers
E00048714,Deprived Neighbourhoods,E01009623,Pathways,7.22,7b2,7b2 Deprived Neighbourhoods
E00048711,Achieving Minorities,E01009623,Pathways,4.31,4c1,4c1 Achieving Minorities
E00048696,Social Renting Young Families,E01009623,Pathways,4.11,4a1,4a1 Social Renting Young Families
E00048710,Social Renting Young Families,E01009623,Pathways,4.11,4a1,4a1 Social Renting Young Families
E00048720,Social Renting Young Families,E01009623,Pathways,4.11,4a1,4a1 Social Renting Young Families
E00048724,Private Renting New Arrivals,E01009623,Pathways,4.12,4a2,4a2 Private Renting New Arrivals
E00048732,Established Renting Families,E01009627,Pathways,3.11,3a1,3a1 Established Renting Families
E00048740,Asian Terraces and Flats,E01009627,Pathways,4.21,4b1,4b1 Asian Terraces and Flats
E00048734,Inner City Ethnic Mix,E01009627,Pathways,4.33,4c3,4c3 Inner City Ethnic Mix
E00048731,Social Renting Young Families,E01009627,Pathways,4.11,4a1,4a1 Social Renting Young Families
E00048739,Private Renting New Arrivals,E01009627,Pathways,4.12,4a2,4a2 Private Renting New Arrivals
E00048741,Achieving Minorities,E01009628,Pathways,4.31,4c1,4c1 Achieving Minorities
E00048701,Achieving Minorities,E01009628,Pathways,4.31,4c1,4c1 Achieving Minorities
E00048735,Hard-Pressed Ethnic Mix,E01009628,Pathways,8.42,8d2,8d2 Hard-Pressed Ethnic Mix
E00048738,Social Renting Young Families,E01009628,Pathways,4.11,4a1,4a1 Social Renting Young Families
E00048736,Private Renting New Arrivals,E01009628,Pathways,4.12,4a2,4a2 Private Renting New Arrivals
E00048603,Multi-Ethnic Professionals with Families,E01009599,The Moat,5.12,5a2,5a2 Multi-Ethnic Professionals with Families
E00048601,Private Renting New Arrivals,E01009599,The Moat,4.12,4a2,4a2 Private Renting New Arrivals
E00048604,Private Renting New Arrivals,E01009599,The Moat,4.12,4a2,4a2 Private Renting New Arrivals
E00048605,Semi-Detached Ageing,E01009599,The Moat,6.23,6b3,6b3 Semi-Detached Ageing
E00048899,Achieving Minorities,E01009663,Park Edge,4.31,4c1,4c1 Achieving Minorities
E00048901,Achieving Minorities,E01009663,Park Edge,4.31,4c1,4c1 Achieving Minorities
E00048906,Achieving Minorities,E01009663,Park Edge,4.31,4c1,4c1 Achieving Minorities
E00048907,Achieving Minorities,E01009663,Park Edge,4.31,4c1,4c1 Achieving Minorities
E00048903,Industrious Transitions,E01009663,Park Edge,8.11,8a1,8a1 Industrious Transitions
E00049161,Delayed Retirement,E01009710,The Moat,5.21,5b1,5b1 Delayed Retirement
E00049159,Inner City Ethnic Mix,E01009710,The Moat,4.33,4c3,4c3 Inner City Ethnic Mix
E00049162,Multi-Ethnic Professionals with Families,E01009710,The Moat,5.12,5a2,5a2 Multi-Ethnic Professionals with Families
E00049164,Multi-Ethnic Suburbia,E01009710,The Moat,6.21,6b1,6b1 Multi-Ethnic Suburbia
E00049154,Private Renting New Arrivals,E01009710,The Moat,4.12,4a2,4a2 Private Renting New Arrivals
E00049163,Deprived Blue-Collar Terraces,E01009711,Park Edge,8.21,8b1,8b1 Deprived Blue-Collar Terraces
E00049169,Families in Terraces and Flats,E01009711,Park Edge,5.13,5a3,5a3 Families in Terraces and Flats
E00049165,Multi-Ethnic Professionals with Families,E01009711,Park Edge,5.12,5a2,5a2 Multi-Ethnic Professionals with Families
E00049168,White Professionals,E01009711,Park Edge,5.11,5a1,5a1 White Professionals
E00049160,Social Renting Young Families,E01009711,Park Edge,4.11,4a1,4a1 Social Renting Young Families
E00048208,Ageing Industrious Workers,E01009522,Pathways,8.31,8c1,8c1 Ageing Industrious Workers
E00048247,Achieving Minorities,E01009522,Pathways,4.31,4c1,4c1 Achieving Minorities
E00048242,Multi-Ethnic Hardship,E01009522,Pathways,7.13,7a3,7a3 Multi-Ethnic Hardship
E00048246,Social Renting Young Families,E01009522,Pathways,4.11,4a1,4a1 Social Renting Young Families
E00048237,White Professionals,E01009522,Pathways,5.11,5a1,5a1 White Professionals
E00048227,Families in Terraces and Flats,E01009529,Pathways,5.13,5a3,5a3 Families in Terraces and Flats
E00048232,Families in Terraces and Flats,E01009529,Pathways,5.13,5a3,5a3 Families in Terraces and Flats
E00048229,White Professionals,E01009529,Pathways,5.11,5a1,5a1 White Professionals
E00048231,White Professionals,E01009529,Pathways,5.11,5a1,5a1 White Professionals
E00048206,Private Renting New Arrivals,E01009529,Pathways,4.12,4a2,4a2 Private Renting New Arrivals
E00048207,Deprived Blue-Collar Terraces,E01009530,Pathways,8.21,8b1,8b1 Deprived Blue-Collar Terraces
E00048228,White Professionals,E01009530,Pathways,5.11,5a1,5a1 White Professionals
E00048230,White Professionals,E01009530,Pathways,5.11,5a1,5a1 White Professionals
E00048233,White Suburban Communities,E01009530,Pathways,6.22,6b2,6b2 White Suburban Communities
E00048853,Achieving Minorities,E01009645,Pathways,4.31,4c1,4c1 Achieving Minorities
E00048851,Families in Terraces and Flats,E01009645,Pathways,5.13,5a3,5a3 Families in Terraces and Flats
E00048854,Families in Terraces and Flats,E01009645,Pathways,5.13,5a3,5a3 Families in Terraces and Flats
E00048849,Deprived Blue-Collar Terraces,E01009645,Pathways,8.21,8b1,8b1 Deprived Blue-Collar Terraces
E00048855,White Professionals,E01009645,Pathways,5.11,5a1,5a1 White Professionals
E00048425,Asian Terraces and Flats,E01009569,Families for All,4.21,4b1,4b1 Asian Terraces and Flats
E00048427,Asian Terraces and Flats,E01009569,Families for All,4.21,4b1,4b1 Asian Terraces and Flats
E00048443,Asian Terraces and Flats,E01009569,Families for All,4.21,4b1,4b1 Asian Terraces and Flats
E00048451,Asian Terraces and Flats,E01009569,Families for All,4.21,4b1,4b1 Asian Terraces and Flats
E00048420,Asian Terraces and Flats,E01009570,Families for All,4.21,4b1,4b1 Asian Terraces and Flats
E00048453,Asian Terraces and Flats,E01009570,Families for All,4.21,4b1,4b1 Asian Terraces and Flats
E00048454,Asian Terraces and Flats,E01009570,Families for All,4.21,4b1,4b1 Asian Terraces and Flats
E00048449,Pakistani Communities,E01009570,Families for All,4.22,4b2,4b2 Pakistani Communities
E00048452,Constrained Neighbourhoods,E01009571,Families for All,3.31,3c1,3c1 Constrained Neighbourhoods
E00048450,Asian Terraces and Flats,E01009571,Families for All,4.21,4b1,4b1 Asian Terraces and Flats
E00048457,Asian Terraces and Flats,E01009571,Families for All,4.21,4b1,4b1 Asian Terraces and Flats
E00048458,Pakistani Communities,E01009571,Families for All,4.22,4b2,4b2 Pakistani Communities
E00048455,Young Families and Students,E01009571,Families for All,3.12,3a2,3a2 Young Families and Students
E00048456,Asian Terraces and Flats,E01009572,Families for All,4.21,4b1,4b1 Asian Terraces and Flats
E00048460,Asian Terraces and Flats,E01009572,Families for All,4.21,4b1,4b1 Asian Terraces and Flats
E00048463,Asian Terraces and Flats,E01009572,Families for All,4.21,4b1,4b1 Asian Terraces and Flats
E00048464,Asian Terraces and Flats,E01009572,Families for All,4.21,4b1,4b1 Asian Terraces and Flats
E00048465,Asian Terraces and Flats,E01009572,Families for All,4.21,4b1,4b1 Asian Terraces and Flats
E00048461,Asian Terraces and Flats,E01009573,Families for All,4.21,4b1,4b1 Asian Terraces and Flats
E00048462,Asian Terraces and Flats,E01009573,Families for All,4.21,4b1,4b1 Asian Terraces and Flats
E00048466,Asian Terraces and Flats,E01009573,Families for All,4.21,4b1,4b1 Asian Terraces and Flats
E00048468,Pakistani Communities,E01009573,Families for All,4.22,4b2,4b2 Pakistani Communities
E00048428,Asian Terraces and Flats,E01009574,Families for All,4.21,4b1,4b1 Asian Terraces and Flats
E00048467,Asian Terraces and Flats,E01009574,Families for All,4.21,4b1,4b1 Asian Terraces and Flats
E00048469,Asian Terraces and Flats,E01009574,Families for All,4.21,4b1,4b1 Asian Terraces and Flats
E00048470,Asian Terraces and Flats,E01009574,Families for All,4.21,4b1,4b1 Asian Terraces and Flats
E00048421,Pakistani Communities,E01009574,Families for All,4.22,4b2,4b2 Pakistani Communities
E00048911,Asian Terraces and Flats,E01009655,Park Edge,4.21,4b1,4b1 Asian Terraces and Flats
E00048864,Social Renting Young Families,E01009655,Park Edge,4.11,4a1,4a1 Social Renting Young Families
E00048872,Social Renting Young Families,E01009655,Park Edge,4.11,4a1,4a1 Social Renting Young Families
E00048910,Private Renting New Arrivals,E01009655,Park Edge,4.12,4a2,4a2 Private Renting New Arrivals
E00048913,Social Renting Young Families,E01009655,Park Edge,4.11,4a1,4a1 Social Renting Young Families
E00048912,Private Renting New Arrivals,E01009655,Park Edge,4.12,4a2,4a2 Private Renting New Arrivals
E00048879,Multicultural New Arrivals,E01009656,Harmony,4.32,4c2,4c2 Multicultural New Arrivals
E00048860,Social Renting Young Families,E01009656,Harmony,4.11,4a1,4a1 Social Renting Young Families
E00048861,Social Renting Young Families,E01009656,Harmony,4.11,4a1,4a1 Social Renting Young Families
E00048862,Private Renting New Arrivals,E01009656,Harmony,4.12,4a2,4a2 Private Renting New Arrivals
E00048867,Private Renting New Arrivals,E01009656,Harmony,4.12,4a2,4a2 Private Renting New Arrivals
E00048882,Constrained Neighbourhoods,E01009659,Harmony,3.31,3c1,3c1 Constrained Neighbourhoods
E00048886,Asian Terraces and Flats,E01009659,Harmony,4.21,4b1,4b1 Asian Terraces and Flats
E00048891,Asian Terraces and Flats,E01009659,Harmony,4.21,4b1,4b1 Asian Terraces and Flats
E00048884,Social Renting Young Families,E01009659,Harmony,4.11,4a1,4a1 Social Renting Young Families
E00048888,Private Renting New Arrivals,E01009659,Harmony,4.12,4a2,4a2 Private Renting New Arrivals
E00048892,Private Renting New Arrivals,E01009659,Harmony,4.12,4a2,4a2 Private Renting New Arrivals
E00048859,Achieving Minorities,E01009662,Park Edge,4.31,4c1,4c1 Achieving Minorities
E00048908,Achieving Minorities,E01009662,Park Edge,4.31,4c1,4c1 Achieving Minorities
E00048897,Constrained Neighbourhoods,E01009662,Park Edge,3.31,3c1,3c1 Constrained Neighbourhoods
E00048898,Private Renting New Arrivals,E01009662,Park Edge,4.12,4a2,4a2 Private Renting New Arrivals
E00048900,Families in Terraces and Flats,E01009664,Park Edge,5.13,5a3,5a3 Families in Terraces and Flats
E00048904,Social Renting Young Families,E01009664,Park Edge,4.11,4a1,4a1 Social Renting Young Families
E00048905,Social Renting Young Families,E01009664,Park Edge,4.11,4a1,4a1 Social Renting Young Families
E00048902,Private Renting New Arrivals,E01009664,Park Edge,4.12,4a2,4a2 Private Renting New Arrivals
E00048909,Social Renting Young Families,E01009664,Park Edge,4.11,4a1,4a1 Social Renting Young Families
E00048812,Multi-Ethnic Professionals with Families,E01009643,Pathways,5.12,5a2,5a2 Multi-Ethnic Professionals with Families
E00048818,Multi-Ethnic Professionals with Families,E01009643,Pathways,5.12,5a2,5a2 Multi-Ethnic Professionals with Families
E00048806,White Professionals,E01009643,Pathways,5.11,5a1,5a1 White Professionals
E00048810,White Professionals,E01009643,Pathways,5.11,5a1,5a1 White Professionals
E00048820,White Professionals,E01009643,Pathways,5.11,5a1,5a1 White Professionals
E00048850,Families in Terraces and Flats,E01009644,Pathways,5.13,5a3,5a3 Families in Terraces and Flats
E00048811,Multi-Ethnic Professionals with Families,E01009644,Pathways,5.12,5a2,5a2 Multi-Ethnic Professionals with Families
E00048845,Multi-Ethnic Professionals with Families,E01009644,Pathways,5.12,5a2,5a2 Multi-Ethnic Professionals with Families
E00048848,Multi-Ethnic Professionals with Families,E01009644,Pathways,5.12,5a2,5a2 Multi-Ethnic Professionals with Families
E00048852,White Professionals,E01009644,Pathways,5.11,5a1,5a1 White Professionals
E00048816,Achieving Minorities,E01009647,Pathways,4.31,4c1,4c1 Achieving Minorities
E00048856,Achieving Minorities,E01009647,Pathways,4.31,4c1,4c1 Achieving Minorities
E00048825,Families in Terraces and Flats,E01009647,Pathways,5.13,5a3,5a3 Families in Terraces and Flats
E00048817,Inner City Ethnic Mix,E01009647,Pathways,4.33,4c3,4c3 Inner City Ethnic Mix
E00048800,Multi-Ethnic Professionals with Families,E01009647,Pathways,5.12,5a2,5a2 Multi-Ethnic Professionals with Families
E00048822,Private Renting New Arrivals,E01009647,Pathways,4.12,4a2,4a2 Private Renting New Arrivals
E00048814,Achieving Minorities,E01009648,Pathways,4.31,4c1,4c1 Achieving Minorities
E00048807,White Professionals,E01009648,Pathways,5.11,5a1,5a1 White Professionals
E00048821,White Professionals,E01009648,Pathways,5.11,5a1,5a1 White Professionals
E00048824,White Professionals,E01009648,Pathways,5.11,5a1,5a1 White Professionals
E00048819,Private Renting New Arrivals,E01009648,Pathways,4.12,4a2,4a2 Private Renting New Arrivals
E00048847,Delayed Retirement,E01009652,Pathways,5.21,5b1,5b1 Delayed Retirement
E00048804,Multi-Ethnic Professionals with Families,E01009652,Pathways,5.12,5a2,5a2 Multi-Ethnic Professionals with Families
E00048802,White Professionals,E01009652,Pathways,5.11,5a1,5a1 White Professionals
E00048846,White Professionals,E01009652,Pathways,5.11,5a1,5a1 White Professionals
E00048803,White Suburban Communities,E01009652,Pathways,6.22,6b2,6b2 White Suburban Communities
E00048842,Families in Terraces and Flats,E01009653,Pathways,5.13,5a3,5a3 Families in Terraces and Flats
E00048840,Families in Terraces and Flats,E01009653,Pathways,5.13,5a3,5a3 Families in Terraces and Flats
E00048843,Multi-Ethnic Professionals with Families,E01009653,Pathways,5.12,5a2,5a2 Multi-Ethnic Professionals with Families
E00048844,White Professionals,E01009653,Pathways,5.11,5a1,5a1 White Professionals
E00048841,White Suburban Communities,E01009653,Pathways,6.22,6b2,6b2 White Suburban Communities
E00048660,Families in Terraces and Flats,E01009613,The Moat,5.13,5a3,5a3 Families in Terraces and Flats
E00048666,Deprived Blue-Collar Terraces,E01009613,The Moat,8.21,8b1,8b1 Deprived Blue-Collar Terraces
E00048657,Achieving Minorities,E01009613,The Moat,4.31,4c1,4c1 Achieving Minorities
E00048658,Achieving Minorities,E01009613,The Moat,4.31,4c1,4c1 Achieving Minorities
E00048871,Deprived Blue-Collar Terraces,E01009657,Park Edge,8.21,8b1,8b1 Deprived Blue-Collar Terraces
E00048873,Achieving Minorities,E01009657,Park Edge,4.31,4c1,4c1 Achieving Minorities
E00048875,Achieving Minorities,E01009657,Park Edge,4.31,4c1,4c1 Achieving Minorities
E00048878,Achieving Minorities,E01009657,Park Edge,4.31,4c1,4c1 Achieving Minorities
E00048881,Achieving Minorities,E01009657,Park Edge,4.31,4c1,4c1 Achieving Minorities
E00049166,Achieving Minorities,E01009712,The Moat,4.31,4c1,4c1 Achieving Minorities
E00049172,Achieving Minorities,E01009712,The Moat,4.31,4c1,4c1 Achieving Minorities
E00049175,Achieving Minorities,E01009712,The Moat,4.31,4c1,4c1 Achieving Minorities
E00049167,Deprived Blue-Collar Terraces,E01009712,The Moat,8.21,8b1,8b1 Deprived Blue-Collar Terraces
E00049181,Multi-Ethnic Professionals with Families,E01009712,The Moat,5.12,5a2,5a2 Multi-Ethnic Professionals with Families
E00049174,Achieving Minorities,E01009714,Park Edge,4.31,4c1,4c1 Achieving Minorities
E00049177,Achieving Minorities,E01009714,Park Edge,4.31,4c1,4c1 Achieving Minorities
E00049179,Achieving Minorities,E01009714,Park Edge,4.31,4c1,4c1 Achieving Minorities
E00049170,Multi-Ethnic Professionals with Families,E01009714,Park Edge,5.12,5a2,5a2 Multi-Ethnic Professionals with Families
E00049173,White Professionals,E01009714,Park Edge,5.11,5a1,5a1 White Professionals
E00049132,Achieving Minorities,E01009716,The Moat,4.31,4c1,4c1 Achieving Minorities
E00049137,Deprived Blue-Collar Terraces,E01009716,The Moat,8.21,8b1,8b1 Deprived Blue-Collar Terraces
E00049135,Multi-Ethnic Professionals with Families,E01009716,The Moat,5.12,5a2,5a2 Multi-Ethnic Professionals with Families
E00049136,Multi-Ethnic Professionals with Families,E01009716,The Moat,5.12,5a2,5a2 Multi-Ethnic Professionals with Families
E00049141,Hard-Pressed Ethnic Mix,E01009716,The Moat,8.42,8d2,8d2 Hard-Pressed Ethnic Mix
E00048524,Achieving Minorities,E01009580,The Moat,4.31,4c1,4c1 Achieving Minorities
E00048516,Delayed Retirement,E01009580,The Moat,5.21,5b1,5b1 Delayed Retirement
E00048525,Communal Retirement,E01009580,The Moat,5.22,5b2,5b2 Communal Retirement
E00048477,Multi-Ethnic Professionals with Families,E01009580,The Moat,5.12,5a2,5a2 Multi-Ethnic Professionals with Families
E00048522,Multi-Ethnic Professionals with Families,E01009580,The Moat,5.12,5a2,5a2 Multi-Ethnic Professionals with Families
E00049180,Achieving Minorities,E01009713,The Moat,4.31,4c1,4c1 Achieving Minorities
E00049124,Multi-Ethnic Professionals with Families,E01009713,The Moat,5.12,5a2,5a2 Multi-Ethnic Professionals with Families
E00049130,Multi-Ethnic Professionals with Families,E01009713,The Moat,5.12,5a2,5a2 Multi-Ethnic Professionals with Families
E00049129,Private Renting New Arrivals,E01009713,The Moat,4.12,4a2,4a2 Private Renting New Arrivals
E00049171,Achieving Minorities,E01009715,The Moat,4.31,4c1,4c1 Achieving Minorities
E00049128,Inner City Ethnic Mix,E01009715,The Moat,4.33,4c3,4c3 Inner City Ethnic Mix
E00049176,Multi-Ethnic Professionals with Families,E01009715,The Moat,5.12,5a2,5a2 Multi-Ethnic Professionals with Families
E00049125,Multi-Ethnic Hardship,E01009715,The Moat,7.13,7a3,7a3 Multi-Ethnic Hardship
E00049178,Social Renting Young Families,E01009715,The Moat,4.11,4a1,4a1 Social Renting Young Families
E00049131,Achieving Minorities,E01009717,The Moat,4.31,4c1,4c1 Achieving Minorities
E00049133,Achieving Minorities,E01009717,The Moat,4.31,4c1,4c1 Achieving Minorities
E00049140,Multi-Ethnic Professionals with Families,E01009717,The Moat,5.12,5a2,5a2 Multi-Ethnic Professionals with Families
E00049182,Multi-Ethnic Professionals with Families,E01009717,The Moat,5.12,5a2,5a2 Multi-Ethnic Professionals with Families
E00049142,Indian Tech Achievers,E01009717,The Moat,6.11,6a1,6a1 Indian Tech Achievers
E00049143,Constrained Neighbourhoods,E01009718,The Moat,3.31,3c1,3c1 Constrained Neighbourhoods
E00049146,Hampered Aspiration,E01009718,The Moat,7.12,7a2,7a2 Hampered Aspiration
E00049138,Multi-Ethnic Hardship,E01009718,The Moat,7.13,7a3,7a3 Multi-Ethnic Hardship
E00049147,Multi-Ethnic Hardship,E01009718,The Moat,7.13,7a3,7a3 Multi-Ethnic Hardship
E00049134,Social Renting Young Families,E01009718,The Moat,4.11,4a1,4a1 Social Renting Young Families
E00049139,Social Renting Young Families,E01009718,The Moat,4.11,4a1,4a1 Social Renting Young Families
E00172178,Achieving Minorities,E01009629,Pathways,4.31,4c1,4c1 Achieving Minorities
E00172164,Asian Terraces and Flats,E01009629,Pathways,4.21,4b1,4b1 Asian Terraces and Flats
E00048702,Asian Terraces and Flats,E01009629,Pathways,4.21,4b1,4b1 Asian Terraces and Flats
E00048744,Asian Terraces and Flats,E01009629,Pathways,4.21,4b1,4b1 Asian Terraces and Flats
E00048745,Asian Terraces and Flats,E01009629,Pathways,4.21,4b1,4b1 Asian Terraces and Flats
E00048746,Asian Terraces and Flats,E01009629,Pathways,4.21,4b1,4b1 Asian Terraces and Flats
E00172176,Inner City Ethnic Mix,E01009629,Pathways,4.33,4c3,4c3 Inner City Ethnic Mix
E00172179,Inner City Ethnic Mix,E01009629,Pathways,4.33,4c3,4c3 Inner City Ethnic Mix
E00048742,Social Renting Young Families,E01009630,Pathways,4.11,4a1,4a1 Social Renting Young Families
E00048743,Social Renting Young Families,E01009630,Pathways,4.11,4a1,4a1 Social Renting Young Families
E00048747,Social Renting Young Families,E01009630,Pathways,4.11,4a1,4a1 Social Renting Young Families
E00048748,Social Renting Young Families,E01009630,Pathways,4.11,4a1,4a1 Social Renting Young Families
E00048703,Private Renting New Arrivals,E01009630,Pathways,4.12,4a2,4a2 Private Renting New Arrivals
E00048704,Social Renting Young Families,E01009631,Pathways,4.11,4a1,4a1 Social Renting Young Families
E00048749,Social Renting Young Families,E01009631,Pathways,4.11,4a1,4a1 Social Renting Young Families
E00048751,Social Renting Young Families,E01009631,Pathways,4.11,4a1,4a1 Social Renting Young Families
E00048694,Multi-Ethnic Hardship,E01009631,Pathways,7.13,7a3,7a3 Multi-Ethnic Hardship
E00048705,Student Communal Living,E01009631,Pathways,2.11,2a1,2a1 Student Communal Living
E00048709,Constrained Neighbourhoods,E01009632,Pathways,3.31,3c1,3c1 Constrained Neighbourhoods
E00172185,Constrained Neighbourhoods,E01009632,Pathways,3.31,3c1,3c1 Constrained Neighbourhoods
E00048707,Asian Terraces and Flats,E01009632,Pathways,4.21,4b1,4b1 Asian Terraces and Flats
E00172165,Students and Professionals,E01009632,Pathways,2.13,2a3,2a3 Students and Professionals
E00048750,Urban Cultural Mix,E01009632,Pathways,2.41,2d1,2d1 Urban Cultural Mix
E00048708,Students and Professionals,E01009632,Pathways,2.13,2a3,2a3 Students and Professionals
E00048706,Retired Independent City Dwellers,E01009632,Pathways,7.42,7d2,7d2 Retired Independent City Dwellers
E00048828,Student Communal Living,E01009650,Pathways,2.11,2a1,2a1 Student Communal Living
E00048809,Students and Professionals,E01009650,Pathways,2.13,2a3,2a3 Students and Professionals
E00048830,Students and Professionals,E01009650,Pathways,2.13,2a3,2a3 Students and Professionals
E00048833,Students and Professionals,E01009650,Pathways,2.13,2a3,2a3 Students and Professionals
E00048832,Private Renting New Arrivals,E01009650,Pathways,4.12,4a2,4a2 Private Renting New Arrivals
E00048662,Achieving Minorities,E01009614,Harmony,4.31,4c1,4c1 Achieving Minorities
E00048656,Multi-Ethnic Professionals with Families,E01009614,Harmony,5.12,5a2,5a2 Multi-Ethnic Professionals with Families
E00048659,Multi-Ethnic Professionals with Families,E01009614,Harmony,5.12,5a2,5a2 Multi-Ethnic Professionals with Families
E00048668,Multi-Ethnic Professionals with Families,E01009614,Harmony,5.12,5a2,5a2 Multi-Ethnic Professionals with Families
E00048661,Private Renting New Arrivals,E01009614,Harmony,4.12,4a2,4a2 Private Renting New Arrivals
E00048869,Achieving Minorities,E01009654,Park Edge,4.31,4c1,4c1 Achieving Minorities
E00048874,Achieving Minorities,E01009654,Park Edge,4.31,4c1,4c1 Achieving Minorities
E00048863,Families in Terraces and Flats,E01009654,Park Edge,5.13,5a3,5a3 Families in Terraces and Flats
E00048870,Families in Terraces and Flats,E01009654,Park Edge,5.13,5a3,5a3 Families in Terraces and Flats
E00048865,Deprived Blue-Collar Terraces,E01009654,Park Edge,8.21,8b1,8b1 Deprived Blue-Collar Terraces
E00048866,Inner City Ethnic Mix,E01009654,Park Edge,4.33,4c3,4c3 Inner City Ethnic Mix
E00048868,Achieving Minorities,E01009658,Park Edge,4.31,4c1,4c1 Achieving Minorities
E00048877,Achieving Minorities,E01009658,Park Edge,4.31,4c1,4c1 Achieving Minorities
E00048883,Achieving Minorities,E01009658,Park Edge,4.31,4c1,4c1 Achieving Minorities
E00048876,Multicultural New Arrivals,E01009658,Park Edge,4.32,4c2,4c2 Multicultural New Arrivals
E00048880,Private Renting New Arrivals,E01009658,Park Edge,4.12,4a2,4a2 Private Renting New Arrivals
E00048887,Achieving Minorities,E01009660,Harmony,4.31,4c1,4c1 Achieving Minorities
E00048889,Achieving Minorities,E01009660,Harmony,4.31,4c1,4c1 Achieving Minorities
E00048890,Asian Terraces and Flats,E01009660,Harmony,4.21,4b1,4b1 Asian Terraces and Flats
E00048893,Asian Terraces and Flats,E01009660,Harmony,4.21,4b1,4b1 Asian Terraces and Flats
E00048885,Private Renting New Arrivals,E01009660,Harmony,4.12,4a2,4a2 Private Renting New Arrivals
E00048805,White Professionals,E01009646,Pathways,5.11,5a1,5a1 White Professionals
E00048808,White Professionals,E01009646,Pathways,5.11,5a1,5a1 White Professionals
E00048813,White Professionals,E01009646,Pathways,5.11,5a1,5a1 White Professionals
E00048815,White Professionals,E01009646,Pathways,5.11,5a1,5a1 White Professionals
E00048823,White Professionals,E01009646,Pathways,5.11,5a1,5a1 White Professionals
E00049008,Communal Retirement,E01009692,Mosaic,5.22,5b2,5b2 Communal Retirement
E00049009,White Professionals,E01009692,Mosaic,5.11,5a1,5a1 White Professionals
E00049057,Semi-Detached Ageing,E01009692,Mosaic,6.23,6b3,6b3 Semi-Detached Ageing
E00049058,Semi-Detached Ageing,E01009692,Mosaic,6.23,6b3,6b3 Semi-Detached Ageing
E00049010,Deprived Blue-Collar Terraces,E01009693,Mosaic,8.21,8b1,8b1 Deprived Blue-Collar Terraces
E00049021,Deprived Blue-Collar Terraces,E01009693,Mosaic,8.21,8b1,8b1 Deprived Blue-Collar Terraces
E00049020,Families in Terraces and Flats,E01009693,Mosaic,5.13,5a3,5a3 Families in Terraces and Flats
E00049016,White Professionals,E01009693,Mosaic,5.11,5a1,5a1 White Professionals
E00049017,White Professionals,E01009693,Mosaic,5.11,5a1,5a1 White Professionals
E00049018,White Professionals,E01009693,Mosaic,5.11,5a1,5a1 White Professionals
E00049011,Deprived Blue-Collar Terraces,E01009694,Mosaic,8.21,8b1,8b1 Deprived Blue-Collar Terraces
E00049012,Families in Terraces and Flats,E01009694,Mosaic,5.13,5a3,5a3 Families in Terraces and Flats
E00049059,Delayed Retirement,E01009694,Mosaic,5.21,5b1,5b1 Delayed Retirement
E00049019,White Professionals,E01009694,Mosaic,5.11,5a1,5a1 White Professionals
E00049015,White Suburban Communities,E01009694,Mosaic,6.22,6b2,6b2 White Suburban Communities
E00049105,Delayed Retirement,E01009695,Mosaic,5.21,5b1,5b1 Delayed Retirement
E00049111,Delayed Retirement,E01009695,Mosaic,5.21,5b1,5b1 Delayed Retirement
E00049117,White Suburban Communities,E01009695,Mosaic,6.22,6b2,6b2 White Suburban Communities
E00049118,White Suburban Communities,E01009695,Mosaic,6.22,6b2,6b2 White Suburban Communities
E00049066,Semi-Detached Ageing,E01009695,Mosaic,6.23,6b3,6b3 Semi-Detached Ageing
E00049115,Semi-Detached Ageing,E01009695,Mosaic,6.23,6b3,6b3 Semi-Detached Ageing
E00049068,Delayed Retirement,E01009696,Mosaic,5.21,5b1,5b1 Delayed Retirement
E00049099,Communal Retirement,E01009696,Mosaic,5.22,5b2,5b2 Communal Retirement
E00049113,Multi-Ethnic Suburbia,E01009696,Mosaic,6.21,6b1,6b1 Multi-Ethnic Suburbia
E00049096,White Professionals,E01009696,Mosaic,5.11,5a1,5a1 White Professionals
E00049069,Semi-Detached Ageing,E01009696,Mosaic,6.23,6b3,6b3 Semi-Detached Ageing
E00049088,Delayed Retirement,E01009704,Mosaic,5.21,5b1,5b1 Delayed Retirement
E00049090,Comfortable Suburbia,E01009704,Mosaic,6.12,6a2,6a2 Comfortable Suburbia
E00049080,Indian Tech Achievers,E01009704,Mosaic,6.11,6a1,6a1 Indian Tech Achievers
E00049098,White Professionals,E01009704,Mosaic,5.11,5a1,5a1 White Professionals
E00049061,White Suburban Communities,E01009704,Mosaic,6.22,6b2,6b2 White Suburban Communities
E00049089,Comfortable Suburbia,E01009705,Mosaic,6.12,6a2,6a2 Comfortable Suburbia
E00049092,Older Workers and Retirement,E01009705,Mosaic,6.24,6b4,6b4 Older Workers and Retirement
E00049060,Indian Tech Achievers,E01009705,Mosaic,6.11,6a1,6a1 Indian Tech Achievers
E00049065,White Professionals,E01009705,Mosaic,5.11,5a1,5a1 White Professionals
E00049097,White Suburban Communities,E01009705,Mosaic,6.22,6b2,6b2 White Suburban Communities
E00048773,Asian Terraces and Flats,E01009636,Harmony,4.21,4b1,4b1 Asian Terraces and Flats
E00048775,Asian Terraces and Flats,E01009636,Harmony,4.21,4b1,4b1 Asian Terraces and Flats
E00048781,Asian Terraces and Flats,E01009636,Harmony,4.21,4b1,4b1 Asian Terraces and Flats
E00048790,Asian Terraces and Flats,E01009636,Harmony,4.21,4b1,4b1 Asian Terraces and Flats
E00172197,Asian Terraces and Flats,E01009636,Harmony,4.21,4b1,4b1 Asian Terraces and Flats
E00172180,Young Families and Students,E01009636,Harmony,3.12,3a2,3a2 Young Families and Students
E00172181,Young Families and Students,E01009636,Harmony,3.12,3a2,3a2 Young Families and Students
E00048762,Asian Terraces and Flats,E01009637,Harmony,4.21,4b1,4b1 Asian Terraces and Flats
E00048763,Asian Terraces and Flats,E01009637,Harmony,4.21,4b1,4b1 Asian Terraces and Flats
E00048766,Asian Terraces and Flats,E01009637,Harmony,4.21,4b1,4b1 Asian Terraces and Flats
E00048754,Asian Terraces and Flats,E01009637,Harmony,4.21,4b1,4b1 Asian Terraces and Flats
E00172200,Established Renting Families,E01009638,Harmony,3.11,3a1,3a1 Established Renting Families
E00172204,Established Renting Families,E01009638,Harmony,3.11,3a1,3a1 Established Renting Families
E00172213,Established Renting Families,E01009638,Harmony,3.11,3a1,3a1 Established Renting Families
E00048772,Constrained Neighbourhoods,E01009638,Harmony,3.31,3c1,3c1 Constrained Neighbourhoods
E00048769,Asian Terraces and Flats,E01009638,Harmony,4.21,4b1,4b1 Asian Terraces and Flats
E00048770,Young Families and Students,E01009638,Harmony,3.12,3a2,3a2 Young Families and Students
E00048765,Asian Terraces and Flats,E01009639,Harmony,4.21,4b1,4b1 Asian Terraces and Flats
E00048774,Asian Terraces and Flats,E01009639,Harmony,4.21,4b1,4b1 Asian Terraces and Flats
E00048776,Asian Terraces and Flats,E01009639,Harmony,4.21,4b1,4b1 Asian Terraces and Flats
E00048755,Pakistani Communities,E01009639,Harmony,4.22,4b2,4b2 Pakistani Communities
E00048756,Asian Terraces and Flats,E01009640,Harmony,4.21,4b1,4b1 Asian Terraces and Flats
E00048764,Asian Terraces and Flats,E01009640,Harmony,4.21,4b1,4b1 Asian Terraces and Flats
E00048767,Asian Terraces and Flats,E01009640,Harmony,4.21,4b1,4b1 Asian Terraces and Flats
E00048768,Asian Terraces and Flats,E01009640,Harmony,4.21,4b1,4b1 Asian Terraces and Flats
E00048778,Asian Terraces and Flats,E01009640,Harmony,4.21,4b1,4b1 Asian Terraces and Flats
E00048783,Asian Terraces and Flats,E01009641,Harmony,4.21,4b1,4b1 Asian Terraces and Flats
E00048784,Asian Terraces and Flats,E01009641,Harmony,4.21,4b1,4b1 Asian Terraces and Flats
E00172182,Asian Terraces and Flats,E01009641,Harmony,4.21,4b1,4b1 Asian Terraces and Flats
E00172201,Multicultural Student Neighbourhoods,E01009641,Harmony,2.22,2b2,2b2 Multicultural Student Neighbourhoods
E00048757,Young Families and Students,E01009641,Harmony,3.12,3a2,3a2 Young Families and Students
E00172183,Student Communal Living,E01009641,Harmony,2.11,2a1,2a1 Student Communal Living
E00172184,Student Communal Living,E01009641,Harmony,2.11,2a1,2a1 Student Communal Living
E00172202,Student Digs,E01009641,Harmony,2.12,2a2,2a2 Student Digs
E00049104,Older Workers and Retirement,E01009697,Mosaic,6.24,6b4,6b4 Older Workers and Retirement
E00049063,White Professionals,E01009697,Mosaic,5.11,5a1,5a1 White Professionals
E00049100,White Suburban Communities,E01009697,Mosaic,6.22,6b2,6b2 White Suburban Communities
E00049095,Self-Sufficient Retirement,E01009697,Mosaic,5.23,5b3,5b3 Self-Sufficient Retirement
E00049101,Self-Sufficient Retirement,E01009697,Mosaic,5.23,5b3,5b3 Self-Sufficient Retirement
E00049107,Detached Retirement Living,E01009698,Mosaic,6.13,6a3,6a3 Detached Retirement Living
E00049103,Older Workers and Retirement,E01009698,Mosaic,6.24,6b4,6b4 Older Workers and Retirement
E00049102,White Professionals,E01009698,Mosaic,5.11,5a1,5a1 White Professionals
E00049106,White Professionals,E01009698,Mosaic,5.11,5a1,5a1 White Professionals
E00049062,Self-Sufficient Retirement,E01009698,Mosaic,5.23,5b3,5b3 Self-Sufficient Retirement
E00049082,Ageing Communities and Families,E01009703,Mosaic,7.41,7d1,7d1 Ageing Communities and Families
E00172157,Migrant Families,E01009703,Mosaic,2.31,2c1,2c1 Migrant Families
E00049079,Multi-Ethnic Hardship,E01009703,Mosaic,7.13,7a3,7a3 Multi-Ethnic Hardship
E00049087,Multi-Ethnic Hardship,E01009703,Mosaic,7.13,7a3,7a3 Multi-Ethnic Hardship
E00172152,Multi-Ethnic Professionals with Families,E01009703,Mosaic,5.12,5a2,5a2 Multi-Ethnic Professionals with Families
E00172153,Multi-Ethnic Professionals with Families,E01009703,Mosaic,5.12,5a2,5a2 Multi-Ethnic Professionals with Families
E00172154,Multi-Ethnic Professionals with Families,E01009703,Mosaic,5.12,5a2,5a2 Multi-Ethnic Professionals with Families
E00172155,Multi-Ethnic Professionals with Families,E01009703,Mosaic,5.12,5a2,5a2 Multi-Ethnic Professionals with Families
E00172156,Multi-Ethnic Professionals with Families,E01009703,Mosaic,5.12,5a2,5a2 Multi-Ethnic Professionals with Families
E00049083,Hard-Pressed Ethnic Mix,E01009703,Mosaic,8.42,8d2,8d2 Hard-Pressed Ethnic Mix
E00049085,Young Hard-Pressed Families,E01009703,Mosaic,8.41,8d1,8d1 Young Hard-Pressed Families
E00049081,Delayed Retirement,E01009706,Mosaic,5.21,5b1,5b1 Delayed Retirement
E00049091,Industrious Transitions,E01009706,Mosaic,8.11,8a1,8a1 Industrious Transitions
E00049093,White Professionals,E01009706,Mosaic,5.11,5a1,5a1 White Professionals
E00049064,White Suburban Communities,E01009706,Mosaic,6.22,6b2,6b2 White Suburban Communities
E00049094,White Suburban Communities,E01009706,Mosaic,6.22,6b2,6b2 White Suburban Communities
E00048836,Achieving Minorities,E01009649,Mosaic,4.31,4c1,4c1 Achieving Minorities
E00048827,Multi-Ethnic Professionals with Families,E01009649,Mosaic,5.12,5a2,5a2 Multi-Ethnic Professionals with Families
E00048826,White Professionals,E01009649,Mosaic,5.11,5a1,5a1 White Professionals
E00048829,White Professionals,E01009649,Mosaic,5.11,5a1,5a1 White Professionals
E00048834,Private Renting New Arrivals,E01009649,Mosaic,4.12,4a2,4a2 Private Renting New Arrivals
E00049014,Hampered Aspiration,E01009684,Mosaic,7.12,7a2,7a2 Hampered Aspiration
E00049022,Industrious Transitions,E01009684,Mosaic,8.11,8a1,8a1 Industrious Transitions
E00049026,Migrant Families,E01009684,Mosaic,2.31,2c1,2c1 Migrant Families
E00049027,Hard-Pressed European Settlers,E01009684,Mosaic,8.43,8d3,8d3 Hard-Pressed European Settlers
E00049013,Private Renting New Arrivals,E01009684,Mosaic,4.12,4a2,4a2 Private Renting New Arrivals
E00049025,Ageing Industrious Workers,E01009685,Mosaic,8.31,8c1,8c1 Ageing Industrious Workers
E00049023,Families in Terraces and Flats,E01009685,Mosaic,5.13,5a3,5a3 Families in Terraces and Flats
E00049029,Families in Terraces and Flats,E01009685,Mosaic,5.13,5a3,5a3 Families in Terraces and Flats
E00049024,White Professionals,E01009685,Mosaic,5.11,5a1,5a1 White Professionals
E00049033,White Professionals,E01009685,Mosaic,5.11,5a1,5a1 White Professionals
E00049039,White Professionals,E01009685,Mosaic,5.11,5a1,5a1 White Professionals
E00049048,Delayed Retirement,E01009686,Mosaic,5.21,5b1,5b1 Delayed Retirement
E00049042,Families in Terraces and Flats,E01009686,Mosaic,5.13,5a3,5a3 Families in Terraces and Flats
E00049047,Multi-Ethnic Professionals with Families,E01009686,Mosaic,5.12,5a2,5a2 Multi-Ethnic Professionals with Families
E00049043,Multi-Ethnic Suburbia,E01009686,Mosaic,6.21,6b1,6b1 Multi-Ethnic Suburbia
E00049030,White Professionals,E01009686,Mosaic,5.11,5a1,5a1 White Professionals
E00049032,White Professionals,E01009686,Mosaic,5.11,5a1,5a1 White Professionals
E00049028,Families in Terraces and Flats,E01009687,Mosaic,5.13,5a3,5a3 Families in Terraces and Flats
E00049031,Families in Terraces and Flats,E01009687,Mosaic,5.13,5a3,5a3 Families in Terraces and Flats
E00049035,Families in Terraces and Flats,E01009687,Mosaic,5.13,5a3,5a3 Families in Terraces and Flats
E00049050,Inner City Ethnic Mix,E01009687,Mosaic,4.33,4c3,4c3 Inner City Ethnic Mix
E00049036,Multi-Ethnic Professionals with Families,E01009687,Mosaic,5.12,5a2,5a2 Multi-Ethnic Professionals with Families
E00048644,Families in Terraces and Flats,E01009615,Harmony,5.13,5a3,5a3 Families in Terraces and Flats
E00048646,Inner City Ethnic Mix,E01009615,Harmony,4.33,4c3,4c3 Inner City Ethnic Mix
E00048664,Inner City Ethnic Mix,E01009615,Harmony,4.33,4c3,4c3 Inner City Ethnic Mix
E00048667,Inner City Ethnic Mix,E01009615,Harmony,4.33,4c3,4c3 Inner City Ethnic Mix
E00048672,Inner City Ethnic Mix,E01009615,Harmony,4.33,4c3,4c3 Inner City Ethnic Mix
E00048643,Achieving Minorities,E01009616,Harmony,4.31,4c1,4c1 Achieving Minorities
E00048663,Inner City Ethnic Mix,E01009616,Harmony,4.33,4c3,4c3 Inner City Ethnic Mix
E00048665,Inner City Ethnic Mix,E01009616,Harmony,4.33,4c3,4c3 Inner City Ethnic Mix
E00048670,Private Renting New Arrivals,E01009616,Harmony,4.12,4a2,4a2 Private Renting New Arrivals
E00048673,Private Renting New Arrivals,E01009616,Harmony,4.12,4a2,4a2 Private Renting New Arrivals
E00048678,Achieving Minorities,E01009617,Harmony,4.31,4c1,4c1 Achieving Minorities
E00048671,Multi-Ethnic Professionals with Families,E01009617,Harmony,5.12,5a2,5a2 Multi-Ethnic Professionals with Families
E00048674,White Professionals,E01009617,Harmony,5.11,5a1,5a1 White Professionals
E00048677,Private Renting New Arrivals,E01009617,Harmony,4.12,4a2,4a2 Private Renting New Arrivals
E00048679,Families in Terraces and Flats,E01009618,The Moat,5.13,5a3,5a3 Families in Terraces and Flats
E00048669,Multi-Ethnic Professionals with Families,E01009618,The Moat,5.12,5a2,5a2 Multi-Ethnic Professionals with Families
E00048647,Multi-Ethnic Suburbia,E01009618,The Moat,6.21,6b1,6b1 Multi-Ethnic Suburbia
E00048675,White Professionals,E01009618,The Moat,5.11,5a1,5a1 White Professionals
E00048645,Private Renting New Arrivals,E01009618,The Moat,4.12,4a2,4a2 Private Renting New Arrivals
E00048683,Achieving Minorities,E01009620,Aspire,4.31,4c1,4c1 Achieving Minorities
E00048687,Hampered Aspiration,E01009620,Aspire,7.12,7a2,7a2 Hampered Aspiration
E00048682,Multi-Ethnic Professionals with Families,E01009620,Aspire,5.12,5a2,5a2 Multi-Ethnic Professionals with Families
E00048676,Hard-Pressed Ethnic Mix,E01009620,Aspire,8.42,8d2,8d2 Hard-Pressed Ethnic Mix
E00048680,Private Renting New Arrivals,E01009620,Aspire,4.12,4a2,4a2 Private Renting New Arrivals
E00048688,Multi-Ethnic Professionals with Families,E01009621,Aspire,5.12,5a2,5a2 Multi-Ethnic Professionals with Families
E00048691,Social Renting Young Families,E01009621,Aspire,4.11,4a1,4a1 Social Renting Young Families
E00048690,Private Renting New Arrivals,E01009621,Aspire,4.12,4a2,4a2 Private Renting New Arrivals
E00048693,Private Renting New Arrivals,E01009621,Aspire,4.12,4a2,4a2 Private Renting New Arrivals
E00048759,Asian Terraces and Flats,E01009633,Aspire,4.21,4b1,4b1 Asian Terraces and Flats
E00048798,Asian Terraces and Flats,E01009633,Aspire,4.21,4b1,4b1 Asian Terraces and Flats
E00048753,Asian Terraces and Flats,E01009633,Aspire,4.21,4b1,4b1 Asian Terraces and Flats
E00048758,Private Renting New Arrivals,E01009633,Aspire,4.12,4a2,4a2 Private Renting New Arrivals
E00048761,Private Renting New Arrivals,E01009633,Aspire,4.12,4a2,4a2 Private Renting New Arrivals
E00048794,Asian Terraces and Flats,E01009634,Aspire,4.21,4b1,4b1 Asian Terraces and Flats
E00048797,Asian Terraces and Flats,E01009634,Aspire,4.21,4b1,4b1 Asian Terraces and Flats
E00048799,Asian Terraces and Flats,E01009634,Aspire,4.21,4b1,4b1 Asian Terraces and Flats
E00048760,Private Renting New Arrivals,E01009634,Aspire,4.12,4a2,4a2 Private Renting New Arrivals
E00048788,Private Renting New Arrivals,E01009634,Aspire,4.12,4a2,4a2 Private Renting New Arrivals
E00048791,Asian Terraces and Flats,E01009635,Aspire,4.21,4b1,4b1 Asian Terraces and Flats
E00048793,Asian Terraces and Flats,E01009635,Aspire,4.21,4b1,4b1 Asian Terraces and Flats
E00048796,Asian Terraces and Flats,E01009635,Aspire,4.21,4b1,4b1 Asian Terraces and Flats
E00172198,Asian Terraces and Flats,E01009635,Aspire,4.21,4b1,4b1 Asian Terraces and Flats
E00048752,Asian Terraces and Flats,E01009635,Aspire,4.21,4b1,4b1 Asian Terraces and Flats
E00172199,Student Communal Living,E01009635,Aspire,2.11,2a1,2a1 Student Communal Living
E00172209,Student Communal Living,E01009635,Aspire,2.11,2a1,2a1 Student Communal Living
E00172208,Student Digs,E01009635,Aspire,2.12,2a2,2a2 Student Digs
E00048895,Asian Terraces and Flats,E01009661,Harmony,4.21,4b1,4b1 Asian Terraces and Flats
E00048858,Multicultural New Arrivals,E01009661,Harmony,4.32,4c2,4c2 Multicultural New Arrivals
E00048896,Private Renting New Arrivals,E01009661,Harmony,4.12,4a2,4a2 Private Renting New Arrivals
E00048857,Private Renting New Arrivals,E01009661,Harmony,4.12,4a2,4a2 Private Renting New Arrivals
E00048894,Private Renting New Arrivals,E01009661,Harmony,4.12,4a2,4a2 Private Renting New Arrivals
E00048975,Communal Retirement,E01009674,Mosaic,5.22,5b2,5b2 Communal Retirement
E00048961,Hard-Pressed Ethnic Mix,E01009674,Mosaic,8.42,8d2,8d2 Hard-Pressed Ethnic Mix
E00048962,Multi-Ethnic Hardship,E01009674,Mosaic,7.13,7a3,7a3 Multi-Ethnic Hardship
E00048979,Multi-Ethnic Hardship,E01009674,Mosaic,7.13,7a3,7a3 Multi-Ethnic Hardship
E00048981,Multi-Ethnic Hardship,E01009674,Mosaic,7.13,7a3,7a3 Multi-Ethnic Hardship
E00049067,Older Workers and Retirement,E01009699,Mosaic,6.24,6b4,6b4 Older Workers and Retirement
E00049112,Multi-Ethnic Professionals with Families,E01009699,Mosaic,5.12,5a2,5a2 Multi-Ethnic Professionals with Families
E00049071,Multi-Ethnic Hardship,E01009699,Mosaic,7.13,7a3,7a3 Multi-Ethnic Hardship
E00049070,White Suburban Communities,E01009699,Mosaic,6.22,6b2,6b2 White Suburban Communities
E00049108,Self-Sufficient Retirement,E01009699,Mosaic,5.23,5b3,5b3 Self-Sufficient Retirement
E00049110,Eastern European Communities,E01009700,Mosaic,7.21,7b1,7b1 Eastern European Communities
E00049109,Multi-Ethnic Hardship,E01009700,Mosaic,7.13,7a3,7a3 Multi-Ethnic Hardship
E00049114,Multi-Ethnic Hardship,E01009700,Mosaic,7.13,7a3,7a3 Multi-Ethnic Hardship
E00049119,Multi-Ethnic Hardship,E01009700,Mosaic,7.13,7a3,7a3 Multi-Ethnic Hardship
E00049120,Multi-Ethnic Hardship,E01009700,Mosaic,7.13,7a3,7a3 Multi-Ethnic Hardship
E00049073,Multi-Ethnic Hardship,E01009700,Mosaic,7.13,7a3,7a3 Multi-Ethnic Hardship
E00049074,Industrious Transitions,E01009701,Mosaic,8.11,8a1,8a1 Industrious Transitions
E00049077,Multi-Ethnic Hardship,E01009701,Mosaic,7.13,7a3,7a3 Multi-Ethnic Hardship
E00049122,Multi-Ethnic Hardship,E01009701,Mosaic,7.13,7a3,7a3 Multi-Ethnic Hardship
E00049075,Multi-Ethnic Hardship,E01009701,Mosaic,7.13,7a3,7a3 Multi-Ethnic Hardship
E00049076,Multi-Ethnic Hardship,E01009701,Mosaic,7.13,7a3,7a3 Multi-Ethnic Hardship
E00049072,White Suburban Communities,E01009701,Mosaic,6.22,6b2,6b2 White Suburban Communities
E00049121,Constrained Neighbourhoods,E01009702,Mosaic,3.31,3c1,3c1 Constrained Neighbourhoods
E00049078,Families in Terraces and Flats,E01009702,Mosaic,5.13,5a3,5a3 Families in Terraces and Flats
E00049086,Multi-Ethnic Hardship,E01009702,Mosaic,7.13,7a3,7a3 Multi-Ethnic Hardship
E00049116,Multi-Ethnic Hardship,E01009702,Mosaic,7.13,7a3,7a3 Multi-Ethnic Hardship
E00049123,Multi-Ethnic Hardship,E01009702,Mosaic,7.13,7a3,7a3 Multi-Ethnic Hardship
E00049044,Inner City Ethnic Mix,E01009688,Mosaic,4.33,4c3,4c3 Inner City Ethnic Mix
E00049040,Students and Professionals,E01009688,Mosaic,2.13,2a3,2a3 Students and Professionals
E00049037,Private Renting New Arrivals,E01009688,Mosaic,4.12,4a2,4a2 Private Renting New Arrivals
E00049005,Students and Professionals,E01009688,Mosaic,2.13,2a3,2a3 Students and Professionals
E00049034,Students and Professionals,E01009688,Mosaic,2.13,2a3,2a3 Students and Professionals
E00049041,Students and Professionals,E01009689,Mosaic,2.13,2a3,2a3 Students and Professionals
E00049045,Students and Professionals,E01009689,Mosaic,2.13,2a3,2a3 Students and Professionals
E00049003,Students and Professionals,E01009689,Mosaic,2.13,2a3,2a3 Students and Professionals
E00049004,Students and Professionals,E01009689,Mosaic,2.13,2a3,2a3 Students and Professionals
E00049038,Students and Professionals,E01009689,Mosaic,2.13,2a3,2a3 Students and Professionals
E00049051,Families in Terraces and Flats,E01009690,Mosaic,5.13,5a3,5a3 Families in Terraces and Flats
E00049056,Inner City Ethnic Mix,E01009690,Mosaic,4.33,4c3,4c3 Inner City Ethnic Mix
E00049055,Students and Professionals,E01009690,Mosaic,2.13,2a3,2a3 Students and Professionals
E00049006,Private Renting New Arrivals,E01009690,Mosaic,4.12,4a2,4a2 Private Renting New Arrivals
E00049052,Private Renting New Arrivals,E01009690,Mosaic,4.12,4a2,4a2 Private Renting New Arrivals
E00049046,Families in Terraces and Flats,E01009691,Mosaic,5.13,5a3,5a3 Families in Terraces and Flats
E00049049,Families in Terraces and Flats,E01009691,Mosaic,5.13,5a3,5a3 Families in Terraces and Flats
E00049053,Students and Professionals,E01009691,Mosaic,2.13,2a3,2a3 Students and Professionals
E00049054,Students and Professionals,E01009691,Mosaic,2.13,2a3,2a3 Students and Professionals
E00049007,Private Renting New Arrivals,E01009691,Mosaic,4.12,4a2,4a2 Private Renting New Arrivals
E00048329,Asian Terraces and Flats,E01009548,Aspire,4.21,4b1,4b1 Asian Terraces and Flats
E00172195,Deprived Blue-Collar Terraces,E01009548,Aspire,8.21,8b1,8b1 Deprived Blue-Collar Terraces
E00048332,Families in Terraces and Flats,E01009548,Aspire,5.13,5a3,5a3 Families in Terraces and Flats
E00048330,Inner City Ethnic Mix,E01009548,Aspire,4.33,4c3,4c3 Inner City Ethnic Mix
E00048331,Inner City Ethnic Mix,E01009548,Aspire,4.33,4c3,4c3 Inner City Ethnic Mix
E00172191,Inner City Ethnic Mix,E01009548,Aspire,4.33,4c3,4c3 Inner City Ethnic Mix
E00048341,Migrant Families,E01009548,Aspire,2.31,2c1,2c1 Migrant Families
E00172192,Multicultural Student Neighbourhoods,E01009548,Aspire,2.22,2b2,2b2 Multicultural Student Neighbourhoods
E00172196,Private Renting New Arrivals,E01009548,Aspire,4.12,4a2,4a2 Private Renting New Arrivals
E00048399,Inner City Ethnic Mix,E01009553,Mosaic,4.33,4c3,4c3 Inner City Ethnic Mix
E00172171,Multicultural Student Neighbourhoods,E01009553,Mosaic,2.22,2b2,2b2 Multicultural Student Neighbourhoods
E00048398,Student Communal Living,E01009553,Mosaic,2.11,2a1,2a1 Student Communal Living
E00172170,Student Communal Living,E01009553,Mosaic,2.11,2a1,2a1 Student Communal Living
E00048368,Students and Professionals,E01009553,Mosaic,2.13,2a3,2a3 Students and Professionals
E00172174,Constrained Neighbourhoods,E01009642,Harmony,3.31,3c1,3c1 Constrained Neighbourhoods
E00048789,Multicultural Student Neighbourhoods,E01009642,Harmony,2.22,2b2,2b2 Multicultural Student Neighbourhoods
E00172175,Multicultural Student Neighbourhoods,E01009642,Harmony,2.22,2b2,2b2 Multicultural Student Neighbourhoods
E00172205,Multicultural Student Neighbourhoods,E01009642,Harmony,2.22,2b2,2b2 Multicultural Student Neighbourhoods
E00172194,Young Families and Students,E01009642,Harmony,3.12,3a2,3a2 Young Families and Students
E00172172,Student Communal Living,E01009642,Harmony,2.11,2a1,2a1 Student Communal Living
E00172173,Student Communal Living,E01009642,Harmony,2.11,2a1,2a1 Student Communal Living
E00172193,Student Communal Living,E01009642,Harmony,2.11,2a1,2a1 Student Communal Living
E00172203,Student Digs,E01009642,Harmony,2.12,2a2,2a2 Student Digs
E00048831,Constrained Neighbourhoods,E01009651,Pathways,3.31,3c1,3c1 Constrained Neighbourhoods
E00048837,Constrained Neighbourhoods,E01009651,Pathways,3.31,3c1,3c1 Constrained Neighbourhoods
E00048838,Constrained Neighbourhoods,E01009651,Pathways,3.31,3c1,3c1 Constrained Neighbourhoods
E00048839,Constrained Neighbourhoods,E01009651,Pathways,3.31,3c1,3c1 Constrained Neighbourhoods
E00048835,Multi-Ethnic Hardship,E01009651,Pathways,7.13,7a3,7a3 Multi-Ethnic Hardship
E00048801,Young Families and Students,E01009651,Pathways,3.12,3a2,3a2 Young Families and Students
E00048973,Families in Terraces and Flats,E01009676,Mosaic,5.13,5a3,5a3 Families in Terraces and Flats
E00048970,Industrious Transitions,E01009676,Mosaic,8.11,8a1,8a1 Industrious Transitions
E00048974,White Professionals,E01009676,Mosaic,5.11,5a1,5a1 White Professionals
E00048978,White Professionals,E01009676,Mosaic,5.11,5a1,5a1 White Professionals
E00048982,Private Renting New Arrivals,E01009676,Mosaic,4.12,4a2,4a2 Private Renting New Arrivals
E00048971,Families in Terraces and Flats,E01009681,Mosaic,5.13,5a3,5a3 Families in Terraces and Flats
E00048964,Multi-Ethnic Suburbia,E01009681,Mosaic,6.21,6b1,6b1 Multi-Ethnic Suburbia
E00048958,White Professionals,E01009681,Mosaic,5.11,5a1,5a1 White Professionals
E00048965,White Suburban Communities,E01009681,Mosaic,6.22,6b2,6b2 White Suburban Communities
E00048959,Multi-Ethnic Professionals with Families,E01009682,Mosaic,5.12,5a2,5a2 Multi-Ethnic Professionals with Families
E00048967,Multi-Ethnic Professionals with Families,E01009682,Mosaic,5.12,5a2,5a2 Multi-Ethnic Professionals with Families
E00048968,Multi-Ethnic Professionals with Families,E01009682,Mosaic,5.12,5a2,5a2 Multi-Ethnic Professionals with Families
E00048969,Multi-Ethnic Professionals with Families,E01009682,Mosaic,5.12,5a2,5a2 Multi-Ethnic Professionals with Families
E00048966,Multi-Ethnic Suburbia,E01009682,Mosaic,6.21,6b1,6b1 Multi-Ethnic Suburbia
E00048960,Families in Terraces and Flats,E01009683,Mosaic,5.13,5a3,5a3 Families in Terraces and Flats
E00048977,Families in Terraces and Flats,E01009683,Mosaic,5.13,5a3,5a3 Families in Terraces and Flats
E00048972,White Professionals,E01009683,Mosaic,5.11,5a1,5a1 White Professionals
E00048990,Social Renting Young Families,E01009683,Mosaic,4.11,4a1,4a1 Social Renting Young Families
E00048289,Hard-Pressed Ethnic Mix,E01009532,Wood Side,8.42,8d2,8d2 Hard-Pressed Ethnic Mix
E00048285,Multi-Ethnic Professionals with Families,E01009532,Wood Side,5.12,5a2,5a2 Multi-Ethnic Professionals with Families
E00048254,White Professionals,E01009532,Wood Side,5.11,5a1,5a1 White Professionals
E00048265,White Professionals,E01009532,Wood Side,5.11,5a1,5a1 White Professionals
E00048273,White Suburban Communities,E01009532,Wood Side,6.22,6b2,6b2 White Suburban Communities
E00048286,Hard-Pressed Ethnic Mix,E01009535,Wood Side,8.42,8d2,8d2 Hard-Pressed Ethnic Mix
E00048291,Multi-Ethnic Professionals with Families,E01009535,Wood Side,5.12,5a2,5a2 Multi-Ethnic Professionals with Families
E00048255,Multi-Ethnic Suburbia,E01009535,Wood Side,6.21,6b1,6b1 Multi-Ethnic Suburbia
E00048281,Multi-Ethnic Suburbia,E01009535,Wood Side,6.21,6b1,6b1 Multi-Ethnic Suburbia
E00048284,Multi-Ethnic Suburbia,E01009535,Wood Side,6.21,6b1,6b1 Multi-Ethnic Suburbia
E00048278,Multi-Ethnic Professionals with Families,E01009536,Wood Side,5.12,5a2,5a2 Multi-Ethnic Professionals with Families
E00048279,Multi-Ethnic Professionals with Families,E01009536,Wood Side,5.12,5a2,5a2 Multi-Ethnic Professionals with Families
E00048276,Multi-Ethnic Suburbia,E01009536,Wood Side,6.21,6b1,6b1 Multi-Ethnic Suburbia
E00048283,Multi-Ethnic Suburbia,E01009536,Wood Side,6.21,6b1,6b1 Multi-Ethnic Suburbia
E00048280,White Suburban Communities,E01009536,Wood Side,6.22,6b2,6b2 White Suburban Communities
E00172186,Indian Tech Achievers,E01009543,The Moat,6.11,6a1,6a1 Indian Tech Achievers
E00172187,Indian Tech Achievers,E01009543,The Moat,6.11,6a1,6a1 Indian Tech Achievers
E00048264,Indian Tech Achievers,E01009543,The Moat,6.11,6a1,6a1 Indian Tech Achievers
E00048275,Indian Tech Achievers,E01009543,The Moat,6.11,6a1,6a1 Indian Tech Achievers
E00048277,White Suburban Communities,E01009543,The Moat,6.22,6b2,6b2 White Suburban Communities
E00049127,Multi-Ethnic Professionals with Families,E01009707,The Moat,5.12,5a2,5a2 Multi-Ethnic Professionals with Families
E00049148,Multi-Ethnic Professionals with Families,E01009707,The Moat,5.12,5a2,5a2 Multi-Ethnic Professionals with Families
E00049153,Multi-Ethnic Professionals with Families,E01009707,The Moat,5.12,5a2,5a2 Multi-Ethnic Professionals with Families
E00049126,Multi-Ethnic Suburbia,E01009707,The Moat,6.21,6b1,6b1 Multi-Ethnic Suburbia
E00049145,Multi-Ethnic Suburbia,E01009707,The Moat,6.21,6b1,6b1 Multi-Ethnic Suburbia
E00049149,Achieving Minorities,E01009708,The Moat,4.31,4c1,4c1 Achieving Minorities
E00049144,Multi-Ethnic Professionals with Families,E01009708,The Moat,5.12,5a2,5a2 Multi-Ethnic Professionals with Families
E00049150,Multi-Ethnic Professionals with Families,E01009708,The Moat,5.12,5a2,5a2 Multi-Ethnic Professionals with Families
E00049152,Multi-Ethnic Professionals with Families,E01009708,The Moat,5.12,5a2,5a2 Multi-Ethnic Professionals with Families
E00049151,Social Renting Young Families,E01009708,The Moat,4.11,4a1,4a1 Social Renting Young Families
E00048370,Families in Terraces and Flats,E01009554,Mosaic,5.13,5a3,5a3 Families in Terraces and Flats
E00048411,Communal Retirement,E01009554,Mosaic,5.22,5b2,5b2 Communal Retirement
E00048369,Private Renting New Arrivals,E01009554,Mosaic,4.12,4a2,4a2 Private Renting New Arrivals
E00048401,Private Renting New Arrivals,E01009554,Mosaic,4.12,4a2,4a2 Private Renting New Arrivals
E00048402,White Professionals,E01009554,Mosaic,5.11,5a1,5a1 White Professionals
E00048371,Detached Retirement Living,E01009555,Mosaic,6.13,6a3,6a3 Detached Retirement Living
E00048408,Families in Terraces and Flats,E01009555,Mosaic,5.13,5a3,5a3 Families in Terraces and Flats
E00048417,Multi-Ethnic Professionals with Families,E01009555,Mosaic,5.12,5a2,5a2 Multi-Ethnic Professionals with Families
E00048375,Indian Tech Achievers,E01009555,Mosaic,6.11,6a1,6a1 Indian Tech Achievers
E00048403,Multi-Ethnic Suburbia,E01009555,Mosaic,6.21,6b1,6b1 Multi-Ethnic Suburbia
E00048373,Families in Terraces and Flats,E01009556,Mosaic,5.13,5a3,5a3 Families in Terraces and Flats
E00048413,Families in Terraces and Flats,E01009556,Mosaic,5.13,5a3,5a3 Families in Terraces and Flats
E00048410,Delayed Retirement,E01009556,Mosaic,5.21,5b1,5b1 Delayed Retirement
E00048418,Multi-Ethnic Professionals with Families,E01009556,Mosaic,5.12,5a2,5a2 Multi-Ethnic Professionals with Families
E00048405,Students and Professionals,E01009556,Mosaic,2.13,2a3,2a3 Students and Professionals
E00048374,Indian Tech Achievers,E01009557,Mosaic,6.11,6a1,6a1 Indian Tech Achievers
E00048376,Indian Tech Achievers,E01009557,Mosaic,6.11,6a1,6a1 Indian Tech Achievers
E00048378,Indian Tech Achievers,E01009557,Mosaic,6.11,6a1,6a1 Indian Tech Achievers
E00048415,Indian Tech Achievers,E01009557,Mosaic,6.11,6a1,6a1 Indian Tech Achievers
E00048404,Families in Terraces and Flats,E01009558,Mosaic,5.13,5a3,5a3 Families in Terraces and Flats
E00048409,Families in Terraces and Flats,E01009558,Mosaic,5.13,5a3,5a3 Families in Terraces and Flats
E00048372,Multi-Ethnic Professionals with Families,E01009558,Mosaic,5.12,5a2,5a2 Multi-Ethnic Professionals with Families
E00048407,Multi-Ethnic Professionals with Families,E01009558,Mosaic,5.12,5a2,5a2 Multi-Ethnic Professionals with Families
E00048400,Students and Professionals,E01009558,Mosaic,2.13,2a3,2a3 Students and Professionals
E00048414,Delayed Retirement,E01009559,Mosaic,5.21,5b1,5b1 Delayed Retirement
E00048416,Delayed Retirement,E01009559,Mosaic,5.21,5b1,5b1 Delayed Retirement
E00048377,Indian Tech Achievers,E01009559,Mosaic,6.11,6a1,6a1 Indian Tech Achievers
E00048412,Indian Tech Achievers,E01009559,Mosaic,6.11,6a1,6a1 Indian Tech Achievers
E00048406,Students and Professionals,E01009559,Mosaic,2.13,2a3,2a3 Students and Professionals
E00048257,Communal Retirement,E01009537,Wood Side,5.22,5b2,5b2 Communal Retirement
E00048288,Hard-Pressed Ethnic Mix,E01009537,Wood Side,8.42,8d2,8d2 Hard-Pressed Ethnic Mix
E00048297,Hard-Pressed Ethnic Mix,E01009537,Wood Side,8.42,8d2,8d2 Hard-Pressed Ethnic Mix
E00048292,Multi-Ethnic Professionals with Families,E01009537,Wood Side,5.12,5a2,5a2 Multi-Ethnic Professionals with Families
E00048294,Private Renting New Arrivals,E01009537,Wood Side,4.12,4a2,4a2 Private Renting New Arrivals
E00048298,Established Renting Families,E01009538,Wood Side,3.11,3a1,3a1 Established Renting Families
E00048258,Hard-Pressed Ethnic Mix,E01009538,Wood Side,8.42,8d2,8d2 Hard-Pressed Ethnic Mix
E00048274,Hard-Pressed Ethnic Mix,E01009538,Wood Side,8.42,8d2,8d2 Hard-Pressed Ethnic Mix
E00048293,Hard-Pressed Ethnic Mix,E01009538,Wood Side,8.42,8d2,8d2 Hard-Pressed Ethnic Mix
E00048296,Hard-Pressed Ethnic Mix,E01009538,Wood Side,8.42,8d2,8d2 Hard-Pressed Ethnic Mix
E00048650,Established Renting Families,E01009611,Aspire,3.11,3a1,3a1 Established Renting Families
E00048648,Social Renting Young Families,E01009611,Aspire,4.11,4a1,4a1 Social Renting Young Families
E00048649,Social Renting Young Families,E01009611,Aspire,4.11,4a1,4a1 Social Renting Young Families
E00048689,Social Renting Young Families,E01009611,Aspire,4.11,4a1,4a1 Social Renting Young Families
E00172189,Private Renting New Arrivals,E01009611,Aspire,4.12,4a2,4a2 Private Renting New Arrivals
E00172188,Social Renting Young Families,E01009611,Aspire,4.11,4a1,4a1 Social Renting Young Families
E00048651,Commuters with Young Families,E01009612,Aspire,4.13,4a3,4a3 Commuters with Young Families
E00048652,Social Renting Young Families,E01009612,Aspire,4.11,4a1,4a1 Social Renting Young Families
E00048653,Social Renting Young Families,E01009612,Aspire,4.11,4a1,4a1 Social Renting Young Families
E00048654,Social Renting Young Families,E01009612,Aspire,4.11,4a1,4a1 Social Renting Young Families
E00048304,Families in Terraces and Flats,E01032527,Wood Side,5.13,5a3,5a3 Families in Terraces and Flats
E00048299,Hard-Pressed Ethnic Mix,E01032527,Wood Side,8.42,8d2,8d2 Hard-Pressed Ethnic Mix
E00048308,Hard-Pressed Ethnic Mix,E01032527,Wood Side,8.42,8d2,8d2 Hard-Pressed Ethnic Mix
E00048302,Social Renting Young Families,E01032527,Wood Side,4.11,4a1,4a1 Social Renting Young Families
E00165739,Multi-Ethnic Suburbia,E01032527,Wood Side,6.21,6b1,6b1 Multi-Ethnic Suburbia
E00048300,Constrained Neighbourhoods,E01032528,Wood Side,3.31,3c1,3c1 Constrained Neighbourhoods
E00165740,Hard-Pressed Ethnic Mix,E01032528,Wood Side,8.42,8d2,8d2 Hard-Pressed Ethnic Mix
E00048256,Multi-Ethnic Suburbia,E01032528,Wood Side,6.21,6b1,6b1 Multi-Ethnic Suburbia
E00048287,Multi-Ethnic Suburbia,E01032528,Wood Side,6.21,6b1,6b1 Multi-Ethnic Suburbia
E00048290,Multi-Ethnic Hardship,E01032528,Wood Side,7.13,7a3,7a3 Multi-Ethnic Hardship
E00048999,Hard-Pressed Ethnic Mix,E01009679,Mosaic,8.42,8d2,8d2 Hard-Pressed Ethnic Mix
E00048995,Private Renting New Arrivals,E01009679,Mosaic,4.12,4a2,4a2 Private Renting New Arrivals
E00048991,Social Renting Young Families,E01009679,Mosaic,4.11,4a1,4a1 Social Renting Young Families
E00048994,Social Renting Young Families,E01009679,Mosaic,4.11,4a1,4a1 Social Renting Young Families
E00048996,Social Renting Young Families,E01009679,Mosaic,4.11,4a1,4a1 Social Renting Young Families
E00048989,Industrious Hardship,E01032531,Mosaic,8.12,8a2,8a2 Industrious Hardship
E00048993,Hard-Pressed Ethnic Mix,E01032531,Mosaic,8.42,8d2,8d2 Hard-Pressed Ethnic Mix
E00165743,Multi-Ethnic Hardship,E01032531,Mosaic,7.13,7a3,7a3 Multi-Ethnic Hardship
E00048985,Hard-Pressed European Settlers,E01032531,Mosaic,8.43,8d3,8d3 Hard-Pressed European Settlers
E00048963,Multi-Ethnic Hardship,E01032531,Mosaic,7.13,7a3,7a3 Multi-Ethnic Hardship
E00048987,Multi-Ethnic Hardship,E01032531,Mosaic,7.13,7a3,7a3 Multi-Ethnic Hardship
E00048992,Multi-Ethnic Hardship,E01032531,Mosaic,7.13,7a3,7a3 Multi-Ethnic Hardship
E00048976,Social Renting Young Families,E01032531,Mosaic,4.11,4a1,4a1 Social Renting Young Families
E00048983,Detached Retirement Living,E01032532,Mosaic,6.13,6a3,6a3 Detached Retirement Living
E00048955,Delayed Retirement,E01032532,Mosaic,5.21,5b1,5b1 Delayed Retirement
E00048980,Older Workers and Retirement,E01032532,Mosaic,6.24,6b4,6b4 Older Workers and Retirement
E00048984,Self-Sufficient Retirement,E01032532,Mosaic,5.23,5b3,5b3 Self-Sufficient Retirement
E00172149,Achieving Minorities,E01032533,Mosaic,4.31,4c1,4c1 Achieving Minorities
E00172168,Indian Tech Achievers,E01032533,Mosaic,6.11,6a1,6a1 Indian Tech Achievers
E00172169,Indian Tech Achievers,E01032533,Mosaic,6.11,6a1,6a1 Indian Tech Achievers
E00172148,Multi-Ethnic Professionals with Families,E01032533,Mosaic,5.12,5a2,5a2 Multi-Ethnic Professionals with Families
E00172147,Indian Tech Achievers,E01032533,Mosaic,6.11,6a1,6a1 Indian Tech Achievers
E00049001,Social Renting Young Families,E01032533,Mosaic,4.11,4a1,4a1 Social Renting Young Families
E00048334,Delayed Retirement,E01009549,Aspire,5.21,5b1,5b1 Delayed Retirement
E00048345,Achieving Minorities,E01009549,Aspire,4.31,4c1,4c1 Achieving Minorities
E00048340,Multi-Ethnic Professionals with Families,E01009549,Aspire,5.12,5a2,5a2 Multi-Ethnic Professionals with Families
E00048335,Multi-Ethnic Suburbia,E01009549,Aspire,6.21,6b1,6b1 Multi-Ethnic Suburbia
E00048343,Multi-Ethnic Suburbia,E01009549,Aspire,6.21,6b1,6b1 Multi-Ethnic Suburbia
E00048326,Achieving Minorities,E01009550,Aspire,4.31,4c1,4c1 Achieving Minorities
E00048327,Achieving Minorities,E01009550,Aspire,4.31,4c1,4c1 Achieving Minorities
E00048338,Achieving Minorities,E01009550,Aspire,4.31,4c1,4c1 Achieving Minorities
E00048339,Achieving Minorities,E01009550,Aspire,4.31,4c1,4c1 Achieving Minorities
E00048346,Inner City Ethnic Mix,E01009550,Aspire,4.33,4c3,4c3 Inner City Ethnic Mix
E00048337,Multi-Ethnic Professionals with Families,E01009550,Aspire,5.12,5a2,5a2 Multi-Ethnic Professionals with Families
E00048344,Multi-Ethnic Professionals with Families,E01009550,Aspire,5.12,5a2,5a2 Multi-Ethnic Professionals with Families
E00048353,Inner City Ethnic Mix,E01009552,Aspire,4.33,4c3,4c3 Inner City Ethnic Mix
E00048318,Multi-Ethnic Professionals with Families,E01009552,Aspire,5.12,5a2,5a2 Multi-Ethnic Professionals with Families
E00048321,Multi-Ethnic Professionals with Families,E01009552,Aspire,5.12,5a2,5a2 Multi-Ethnic Professionals with Families
E00048360,Social Renting Young Families,E01009552,Aspire,4.11,4a1,4a1 Social Renting Young Families
E00048347,Retired Independent City Dwellers,E01009552,Aspire,7.42,7d2,7d2 Retired Independent City Dwellers
E00165745,Achieving Minorities,E01032534,Aspire,4.31,4c1,4c1 Achieving Minorities
E00048354,Commuters with Young Families,E01032534,Aspire,4.13,4a3,4a3 Commuters with Young Families
E00048322,Achieving Minorities,E01032534,Aspire,4.31,4c1,4c1 Achieving Minorities
E00048356,Achieving Minorities,E01032534,Aspire,4.31,4c1,4c1 Achieving Minorities
E00048324,Social Renting Young Families,E01032534,Aspire,4.11,4a1,4a1 Social Renting Young Families
E00048359,Social Renting Young Families,E01032534,Aspire,4.11,4a1,4a1 Social Renting Young Families
E00048348,Achieving Minorities,E01032535,Aspire,4.31,4c1,4c1 Achieving Minorities
E00165746,Multi-Ethnic Professionals with Families,E01032535,Aspire,5.12,5a2,5a2 Multi-Ethnic Professionals with Families
E00048349,Multi-Ethnic Professionals with Families,E01032535,Aspire,5.12,5a2,5a2 Multi-Ethnic Professionals with Families
E00048352,Multi-Ethnic Professionals with Families,E01032535,Aspire,5.12,5a2,5a2 Multi-Ethnic Professionals with Families
E00048342,Families in Terraces and Flats,E01009544,Aspire,5.13,5a3,5a3 Families in Terraces and Flats
E00048316,Communal Retirement,E01009544,Aspire,5.22,5b2,5b2 Communal Retirement
E00048361,Hampered Aspiration,E01009544,Aspire,7.12,7a2,7a2 Hampered Aspiration
E00048350,Achieving Minorities,E01009544,Aspire,4.31,4c1,4c1 Achieving Minorities
E00048319,Private Renting New Arrivals,E01009544,Aspire,4.12,4a2,4a2 Private Renting New Arrivals
E00048320,Private Renting New Arrivals,E01009544,Aspire,4.12,4a2,4a2 Private Renting New Arrivals
E00172206,Private Renting New Arrivals,E01009619,Aspire,4.12,4a2,4a2 Private Renting New Arrivals
E00172207,Private Renting New Arrivals,E01009619,Aspire,4.12,4a2,4a2 Private Renting New Arrivals
E00048681,Private Renting New Arrivals,E01009619,Aspire,4.12,4a2,4a2 Private Renting New Arrivals
E00048684,Private Renting New Arrivals,E01009619,Aspire,4.12,4a2,4a2 Private Renting New Arrivals
E00048685,Private Renting New Arrivals,E01009619,Aspire,4.12,4a2,4a2 Private Renting New Arrivals
E00048686,Private Renting New Arrivals,E01009619,Aspire,4.12,4a2,4a2 Private Renting New Arrivals
E00048325,Families in Terraces and Flats,E01032529,Aspire,5.13,5a3,5a3 Families in Terraces and Flats
E00048358,Families in Terraces and Flats,E01032529,Aspire,5.13,5a3,5a3 Families in Terraces and Flats
E00048364,Families in Terraces and Flats,E01032529,Aspire,5.13,5a3,5a3 Families in Terraces and Flats
E00048365,Hampered Aspiration,E01032529,Aspire,7.12,7a2,7a2 Hampered Aspiration
E00048328,Migrant Families,E01032529,Aspire,2.31,2c1,2c1 Migrant Families
E00048362,Families in Terraces and Flats,E01032530,Aspire,5.13,5a3,5a3 Families in Terraces and Flats
E00048355,Deprived Blue-Collar Terraces,E01032530,Aspire,8.21,8b1,8b1 Deprived Blue-Collar Terraces
E00048363,Multi-Ethnic Professionals with Families,E01032530,Aspire,5.12,5a2,5a2 Multi-Ethnic Professionals with Families
E00048323,White Professionals,E01032530,Aspire,5.11,5a1,5a1 White Professionals
E00048357,White Professionals,E01032530,Aspire,5.11,5a1,5a1 White Professionals
E00048336,Retired Communal City Dwellers,E01032530,Aspire,7.43,7d3,7d3 Retired Communal City Dwellers
E00048261,Multi-Ethnic Hardship,E01009539,Wood Side,7.13,7a3,7a3 Multi-Ethnic Hardship
E00048266,Multi-Ethnic Hardship,E01009539,Wood Side,7.13,7a3,7a3 Multi-Ethnic Hardship
E00048306,Multi-Ethnic Hardship,E01009539,Wood Side,7.13,7a3,7a3 Multi-Ethnic Hardship
E00048311,Multi-Ethnic Hardship,E01009539,Wood Side,7.13,7a3,7a3 Multi-Ethnic Hardship
E00048312,Multi-Ethnic Hardship,E01009539,Wood Side,7.13,7a3,7a3 Multi-Ethnic Hardship
E00048315,Multi-Ethnic Hardship,E01009539,Wood Side,7.13,7a3,7a3 Multi-Ethnic Hardship
E00048301,Commuters with Young Families,E01009540,Wood Side,4.13,4a3,4a3 Commuters with Young Families
E00048260,Multi-Ethnic Hardship,E01009540,Wood Side,7.13,7a3,7a3 Multi-Ethnic Hardship
E00048259,Social Renting Young Families,E01009540,Wood Side,4.11,4a1,4a1 Social Renting Young Families
E00048303,Social Renting Young Families,E01009540,Wood Side,4.11,4a1,4a1 Social Renting Young Families
E00048307,Social Renting Young Families,E01009540,Wood Side,4.11,4a1,4a1 Social Renting Young Families
E00048269,Constrained Neighbourhoods,E01009541,Wood Side,3.31,3c1,3c1 Constrained Neighbourhoods
E00048272,Delayed Retirement,E01009541,Wood Side,5.21,5b1,5b1 Delayed Retirement
E00048268,Deprived Blue-Collar Terraces,E01009541,Wood Side,8.21,8b1,8b1 Deprived Blue-Collar Terraces
E00048270,Hampered Aspiration,E01009541,Wood Side,7.12,7a2,7a2 Hampered Aspiration
E00048263,Multi-Ethnic Hardship,E01009541,Wood Side,7.13,7a3,7a3 Multi-Ethnic Hardship
E00048271,Multi-Ethnic Hardship,E01009541,Wood Side,7.13,7a3,7a3 Multi-Ethnic Hardship
E00172210,Constrained Neighbourhoods,E01009542,Wood Side,3.31,3c1,3c1 Constrained Neighbourhoods
E00048267,Hard-Pressed Ethnic Mix,E01009542,Wood Side,8.42,8d2,8d2 Hard-Pressed Ethnic Mix
E00048262,Multi-Ethnic Hardship,E01009542,Wood Side,7.13,7a3,7a3 Multi-Ethnic Hardship
E00048314,Social Renting Young Families,E01009542,Wood Side,4.11,4a1,4a1 Social Renting Young Families
E00048309,Multi-Ethnic Hardship,E01009542,Wood Side,7.13,7a3,7a3 Multi-Ethnic Hardship
E00048313,Multi-Ethnic Hardship,E01009542,Wood Side,7.13,7a3,7a3 Multi-Ethnic Hardship
E00172190,Social Renting Young Families,E01009542,Wood Side,4.11,4a1,4a1 Social Renting Young Families
E00048379,Delayed Retirement,E01009560,Aspire,5.21,5b1,5b1 Delayed Retirement
E00048381,Multi-Ethnic Suburbia,E01009560,Aspire,6.21,6b1,6b1 Multi-Ethnic Suburbia
E00048380,Indian Tech Achievers,E01009560,Aspire,6.11,6a1,6a1 Indian Tech Achievers
E00048383,Indian Tech Achievers,E01009560,Aspire,6.11,6a1,6a1 Indian Tech Achievers
E00048419,Indian Tech Achievers,E01009560,Aspire,6.11,6a1,6a1 Indian Tech Achievers
E00048395,Industrious Transitions,E01009561,Aspire,8.11,8a1,8a1 Industrious Transitions
E00048393,Multi-Ethnic Professionals with Families,E01009561,Aspire,5.12,5a2,5a2 Multi-Ethnic Professionals with Families
E00048387,Multi-Ethnic Suburbia,E01009561,Aspire,6.21,6b1,6b1 Multi-Ethnic Suburbia
E00048389,Older Workers and Retirement,E01009561,Aspire,6.24,6b4,6b4 Older Workers and Retirement
E00048391,Multi-Ethnic Hardship,E01009561,Aspire,7.13,7a3,7a3 Multi-Ethnic Hardship
E00048396,Private Renting New Arrivals,E01009561,Aspire,4.12,4a2,4a2 Private Renting New Arrivals
E00048385,Achieving Minorities,E01009562,Aspire,4.31,4c1,4c1 Achieving Minorities
E00048367,Multi-Ethnic Professionals with Families,E01009562,Aspire,5.12,5a2,5a2 Multi-Ethnic Professionals with Families
E00048384,Multi-Ethnic Professionals with Families,E01009562,Aspire,5.12,5a2,5a2 Multi-Ethnic Professionals with Families
E00048366,Multi-Ethnic Suburbia,E01009562,Aspire,6.21,6b1,6b1 Multi-Ethnic Suburbia
E00048382,Multi-Ethnic Suburbia,E01009562,Aspire,6.21,6b1,6b1 Multi-Ethnic Suburbia
E00048388,Multi-Ethnic Suburbia,E01009563,Aspire,6.21,6b1,6b1 Multi-Ethnic Suburbia
E00048394,Multi-Ethnic Suburbia,E01009563,Aspire,6.21,6b1,6b1 Multi-Ethnic Suburbia
E00048386,Indian Tech Achievers,E01009563,Aspire,6.11,6a1,6a1 Indian Tech Achievers
E00048390,Indian Tech Achievers,E01009563,Aspire,6.11,6a1,6a1 Indian Tech Achievers
E00048392,Indian Tech Achievers,E01009563,Aspire,6.11,6a1,6a1 Indian Tech Achievers
E00048931,Delayed Retirement,E01009672,Mosaic,5.21,5b1,5b1 Delayed Retirement
E00048932,Delayed Retirement,E01009672,Mosaic,5.21,5b1,5b1 Delayed Retirement
E00048921,Indian Tech Achievers,E01009672,Mosaic,6.11,6a1,6a1 Indian Tech Achievers
E00048934,Indian Tech Achievers,E01009672,Mosaic,6.11,6a1,6a1 Indian Tech Achievers
E00048937,Indian Tech Achievers,E01009672,Mosaic,6.11,6a1,6a1 Indian Tech Achievers
E00048938,Indian Tech Achievers,E01009672,Mosaic,6.11,6a1,6a1 Indian Tech Achievers
E00048939,Indian Tech Achievers,E01009672,Mosaic,6.11,6a1,6a1 Indian Tech Achievers
E00048945,Multi-Ethnic Professionals with Families,E01009666,Mosaic,5.12,5a2,5a2 Multi-Ethnic Professionals with Families
E00048950,Multi-Ethnic Professionals with Families,E01009666,Mosaic,5.12,5a2,5a2 Multi-Ethnic Professionals with Families
E00048951,Multi-Ethnic Professionals with Families,E01009666,Mosaic,5.12,5a2,5a2 Multi-Ethnic Professionals with Families
E00048943,Multi-Ethnic Suburbia,E01009666,Mosaic,6.21,6b1,6b1 Multi-Ethnic Suburbia
E00048924,Multi-Ethnic Suburbia,E01009667,Mosaic,6.21,6b1,6b1 Multi-Ethnic Suburbia
E00048953,Multi-Ethnic Suburbia,E01009667,Mosaic,6.21,6b1,6b1 Multi-Ethnic Suburbia
E00048915,Indian Tech Achievers,E01009667,Mosaic,6.11,6a1,6a1 Indian Tech Achievers
E00048916,Indian Tech Achievers,E01009667,Mosaic,6.11,6a1,6a1 Indian Tech Achievers
E00048946,Indian Tech Achievers,E01009667,Mosaic,6.11,6a1,6a1 Indian Tech Achievers
E00048930,Achieving Minorities,E01009668,Mosaic,4.31,4c1,4c1 Achieving Minorities
E00048927,Multi-Ethnic Professionals with Families,E01009668,Mosaic,5.12,5a2,5a2 Multi-Ethnic Professionals with Families
E00048928,Multi-Ethnic Professionals with Families,E01009668,Mosaic,5.12,5a2,5a2 Multi-Ethnic Professionals with Families
E00048929,Multi-Ethnic Suburbia,E01009668,Mosaic,6.21,6b1,6b1 Multi-Ethnic Suburbia
E00048918,Social Renting Young Families,E01009668,Mosaic,4.11,4a1,4a1 Social Renting Young Families
E00048917,Multi-Ethnic Professionals with Families,E01009670,Mosaic,5.12,5a2,5a2 Multi-Ethnic Professionals with Families
E00048920,Multi-Ethnic Professionals with Families,E01009670,Mosaic,5.12,5a2,5a2 Multi-Ethnic Professionals with Families
E00048933,Multi-Ethnic Professionals with Families,E01009670,Mosaic,5.12,5a2,5a2 Multi-Ethnic Professionals with Families
E00048919,Multi-Ethnic Suburbia,E01009670,Mosaic,6.21,6b1,6b1 Multi-Ethnic Suburbia
E00048935,White Professionals,E01009670,Mosaic,5.11,5a1,5a1 White Professionals
E00048941,Achieving Minorities,E01009665,Mosaic,4.31,4c1,4c1 Achieving Minorities
E00048926,Indian Tech Achievers,E01009665,Mosaic,6.11,6a1,6a1 Indian Tech Achievers
E00048942,Indian Tech Achievers,E01009665,Mosaic,6.11,6a1,6a1 Indian Tech Achievers
E00048947,Indian Tech Achievers,E01009665,Mosaic,6.11,6a1,6a1 Indian Tech Achievers
E00048925,Multi-Ethnic Professionals with Families,E01009669,Mosaic,5.12,5a2,5a2 Multi-Ethnic Professionals with Families
E00048948,Multi-Ethnic Professionals with Families,E01009669,Mosaic,5.12,5a2,5a2 Multi-Ethnic Professionals with Families
E00048952,Multi-Ethnic Suburbia,E01009669,Mosaic,6.21,6b1,6b1 Multi-Ethnic Suburbia
E00048954,Multi-Ethnic Suburbia,E01009669,Mosaic,6.21,6b1,6b1 Multi-Ethnic Suburbia
E00172166,Communal Retirement,E01009671,Mosaic,5.22,5b2,5b2 Communal Retirement
E00172167,Indian Tech Achievers,E01009671,Mosaic,6.11,6a1,6a1 Indian Tech Achievers
E00048936,Indian Tech Achievers,E01009671,Mosaic,6.11,6a1,6a1 Indian Tech Achievers
E00172151,Indian Tech Achievers,E01009671,Mosaic,6.11,6a1,6a1 Indian Tech Achievers
E00172150,Student Communal Living,E01009671,Mosaic,2.11,2a1,2a1 Student Communal Living
E00048949,Achieving Minorities,E01033058,Mosaic,4.31,4c1,4c1 Achieving Minorities
E00048944,Delayed Retirement,E01033058,Mosaic,5.21,5b1,5b1 Delayed Retirement
E00049002,Inner City Ethnic Mix,E01033058,Mosaic,4.33,4c3,4c3 Inner City Ethnic Mix
E00048914,Indian Tech Achievers,E01033058,Mosaic,6.11,6a1,6a1 Indian Tech Achievers
E00048923,Private Renting New Arrivals,E01033058,Mosaic,4.12,4a2,4a2 Private Renting New Arrivals
E00048956,Private Renting New Arrivals,E01033058,Mosaic,4.12,4a2,4a2 Private Renting New Arrivals
E00048988,Private Renting New Arrivals,E01033058,Mosaic,4.12,4a2,4a2 Private Renting New Arrivals
E00048997,Private Renting New Arrivals,E01033058,Mosaic,4.12,4a2,4a2 Private Renting New Arrivals
E00048561,Achieving Minorities,E01009588,Pathways,4.31,4c1,4c1 Achieving Minorities
E00048569,Hard-Pressed Ethnic Mix,E01009588,Pathways,8.42,8d2,8d2 Hard-Pressed Ethnic Mix
E00048567,Social Renting Young Families,E01009588,Pathways,4.11,4a1,4a1 Social Renting Young Families
E00048527,Social Renting Young Families,E01009588,Pathways,4.11,4a1,4a1 Social Renting Young Families
E00048566,Multi-Ethnic Hardship,E01009588,Pathways,7.13,7a3,7a3 Multi-Ethnic Hardship
E00048548,Hard-Pressed Ethnic Mix,E01009592,Pathways,8.42,8d2,8d2 Hard-Pressed Ethnic Mix
E00048534,Social Renting Young Families,E01009592,Pathways,4.11,4a1,4a1 Social Renting Young Families
E00048552,Social Renting Young Families,E01009592,Pathways,4.11,4a1,4a1 Social Renting Young Families
E00048579,Social Renting Young Families,E01009592,Pathways,4.11,4a1,4a1 Social Renting Young Families
E00048551,Pakistani Communities,E01009592,Pathways,4.22,4b2,4b2 Pakistani Communities
E00048545,Private Renting New Arrivals,E01009592,Pathways,4.12,4a2,4a2 Private Renting New Arrivals
E00048559,Achieving Minorities,E01009596,Pathways,4.31,4c1,4c1 Achieving Minorities
E00048557,Asian Terraces and Flats,E01009596,Pathways,4.21,4b1,4b1 Asian Terraces and Flats
E00048549,Social Renting Young Families,E01009596,Pathways,4.11,4a1,4a1 Social Renting Young Families
E00048554,Social Renting Young Families,E01009596,Pathways,4.11,4a1,4a1 Social Renting Young Families
E00048536,Private Renting New Arrivals,E01009596,Pathways,4.12,4a2,4a2 Private Renting New Arrivals
E00048562,Achieving Minorities,E01009597,Pathways,4.31,4c1,4c1 Achieving Minorities
E00048564,Achieving Minorities,E01009597,Pathways,4.31,4c1,4c1 Achieving Minorities
E00048558,Multicultural New Arrivals,E01009597,Pathways,4.32,4c2,4c2 Multicultural New Arrivals
E00048560,Multicultural New Arrivals,E01009597,Pathways,4.32,4c2,4c2 Multicultural New Arrivals
E00048555,Social Renting Young Families,E01009597,Pathways,4.11,4a1,4a1 Social Renting Young Families
E00172159,Achieving Minorities,E01032587,Pathways,4.31,4c1,4c1 Achieving Minorities
E00048532,Hard-Pressed Ethnic Mix,E01032587,Pathways,8.42,8d2,8d2 Hard-Pressed Ethnic Mix
E00048544,Hard-Pressed Ethnic Mix,E01032587,Pathways,8.42,8d2,8d2 Hard-Pressed Ethnic Mix
E00172158,Hard-Pressed Ethnic Mix,E01032587,Pathways,8.42,8d2,8d2 Hard-Pressed Ethnic Mix
E00165813,Social Renting Young Families,E01032587,Pathways,4.11,4a1,4a1 Social Renting Young Families
