Attribute Code,Attribute,Theme,Order,Hyperlink - link to a pdf or a webpage poss FAC poss CoC,Notes
1,Agree They Can Get Involved With The Community,"Civic Pride, Community Cohesion & Safety",8,,% in area agree - Coventry Household Survey 2018
2,Agree They Can Influence Decisions,"Civic Pride, Community Cohesion & Safety",8,,% in area agree - Coventry Household Survey 2018
3,City Centre Satisfaction,"Civic Pride, Community Cohesion & Safety",8,,% in area satisfied - Coventry Household Survey 2018
4,Feel Safe - Day Time,"Civic Pride, Community Cohesion & Safety",8,,% in area feel safe - Coventry Household Survey 2018
5,Feel Safe - Night Time,"Civic Pride, Community Cohesion & Safety",8,,% in area feel safe - Coventry Household Survey 2018
6,Satisfied with Local Area,"Civic Pride, Community Cohesion & Safety",8,,% in area satisfied with local area - Coventry Household Survey 2018
7,Tickets Issued (AFD Bookers at Cov Venues),Cultural Participation (Actual),1,Audience Finder Data - Bookings @ Coventry Venues,Number of tickets issued
8,Tickets Issued (AFD-All),Cultural Participation (Actual),1,Audience Finder Data - Total Bookings ,Number of tickets issued
9,Total income (AFD Bookers at Cov Venues),Cultural Participation (Actual),1,Audience Finder Data - Bookings @ Coventry Venues,GBP
10,Total income (AFD-All Bookers),Cultural Participation (Actual),1,Audience Finder Data - Total Bookings ,GBP
11,Number of Bookers (AFD Bookers at Cov Venues),Cultural Participation (Actual),2,Audience Finder Data - Bookings @ Coventry Venues,Number of bookings made
12,Number of Bookers (AFD-All) ,Cultural Participation (Actual),2,Audience Finder Data - Total Bookings ,Number of bookings made
13,No of venues visited_Average (AFD Bookers at Cov Venues),Cultural Participation (Actual),3,Audience Finder Data - Bookings @ Coventry Venues,Number of venues visited
14,No of venues visited_Average (AFD-All),Cultural Participation (Actual),3,Audience Finder Data - Total Bookings ,Number of venues visited
15,Average yield per ticket (AFD Bookers at Cov Venues),Cultural Participation (Actual),8,Audience Finder Data - Bookings @ Coventry Venues,GBP
16,Average yield per ticket (AFD),Cultural Participation (Actual),8,Audience Finder Data - Total Bookings ,GBP
17,Avg. performances booked for per customer (AFD Bookers at Cov Venues),Cultural Participation (Actual),8,Audience Finder Data - Bookings @ Coventry Venues,Average number of performances booked
18,Avg. performances booked for per customer (AFD),Cultural Participation (Actual),8,Audience Finder Data - Total Bookings ,Average number of performances booked
19,Children/Family (AFD Bookers at Cov Venues),Cultural Participation (Actual),8,Audience Finder Data - Bookings @ Coventry Venues,Number of bookings made
20,Children/Family (AFD-All Bookers),Cultural Participation (Actual),8,Audience Finder Data - Total Bookings ,Number of bookings made
21,Christmas Show  (AFD-All Bookers),Cultural Participation (Actual),8,Audience Finder Data - Total Bookings ,Number of bookings made
22,Christmas Show(AFD Bookers at Cov Venues),Cultural Participation (Actual),8,Audience Finder Data - Bookings @ Coventry Venues,Number of bookings made
23,Contemporary Visual Arts  (AFD-All Bookers),Cultural Participation (Actual),8,Audience Finder Data - Total Bookings ,Number of bookings made
24,Contemporary Visual Arts (AFD Bookers at Cov Venues),Cultural Participation (Actual),8,Audience Finder Data - Bookings @ Coventry Venues,Number of bookings made
25,Dance  (AFD-All Bookers),Cultural Participation (Actual),8,Audience Finder Data - Total Bookings ,Number of bookings made
26,Dance (AFD Bookers at Cov Venues),Cultural Participation (Actual),8,Audience Finder Data - Bookings @ Coventry Venues,Number of bookings made
27,Film (AFD Bookers at Cov Venues),Cultural Participation (Actual),8,Audience Finder Data - Bookings @ Coventry Venues,Number of bookings made
28,Film (AFD-All Bookers),Cultural Participation (Actual),8,Audience Finder Data - Total Bookings ,Number of bookings made
29,General Entertainment (AFD Bookers at Cov Venues),Cultural Participation (Actual),8,Audience Finder Data - Bookings @ Coventry Venues,Number of bookings made
30,General Entertainment (AFD-All Bookers),Cultural Participation (Actual),8,Audience Finder Data - Total Bookings ,Number of bookings made
31,Literature (AFD Bookers at Cov Venues),Cultural Participation (Actual),8,Audience Finder Data - Bookings @ Coventry Venues,Number of bookings made
32,Literature (AFD-All Bookers),Cultural Participation (Actual),8,Audience Finder Data - Total Bookings ,Number of bookings made
33,Museums/Heritage (AFD-All Bookers),Cultural Participation (Actual),8,Audience Finder Data - Total Bookings ,Number of bookings made
34,Music (AFD Bookers at Cov Venues),Cultural Participation (Actual),8,Audience Finder Data - Bookings @ Coventry Venues,Number of bookings made
35,Music (AFD-All Bookers),Cultural Participation (Actual),8,Audience Finder Data - Total Bookings ,Number of bookings made
36,Musical Theatre (AFD Bookers at Cov Venues),Cultural Participation (Actual),8,Audience Finder Data - Bookings @ Coventry Venues,Number of bookings made
37,Musical Theatre (AFD-All Bookers),Cultural Participation (Actual),8,Audience Finder Data - Total Bookings ,Number of bookings made
38,No of venues visited_1 (AFD-All),Cultural Participation (Actual),8,Audience Finder Data - Total Bookings ,"Count of people who have visited 1,2,3 or up to 10+ Venues"
39,No of venues visited_10 (AFD-All),Cultural Participation (Actual),8,Audience Finder Data - Total Bookings ,"Count of people who have visited 1,2,3 or up to 10+ Venues"
40,No of venues visited_2 (AFD-All),Cultural Participation (Actual),8,Audience Finder Data - Total Bookings ,"Count of people who have visited 1,2,3 or up to 10+ Venues"
41,No of venues visited_3 (AFD-All),Cultural Participation (Actual),8,Audience Finder Data - Total Bookings ,"Count of people who have visited 1,2,3 or up to 10+ Venues"
42,No of venues visited_4 (AFD-All),Cultural Participation (Actual),8,Audience Finder Data - Total Bookings ,"Count of people who have visited 1,2,3 or up to 10+ Venues"
43,No of venues visited_5 (AFD-All),Cultural Participation (Actual),8,Audience Finder Data - Total Bookings ,"Count of people who have visited 1,2,3 or up to 10+ Venues"
44,No of venues visited_6 (AFD-All),Cultural Participation (Actual),8,Audience Finder Data - Total Bookings ,"Count of people who have visited 1,2,3 or up to 10+ Venues"
45,No of venues visited_7 (AFD-All),Cultural Participation (Actual),8,Audience Finder Data - Total Bookings ,"Count of people who have visited 1,2,3 or up to 10+ Venues"
46,No of venues visited_8 (AFD-All),Cultural Participation (Actual),8,Audience Finder Data - Total Bookings ,"Count of people who have visited 1,2,3 or up to 10+ Venues"
47,No of venues visited_9 (AFD-All),Cultural Participation (Actual),8,Audience Finder Data - Total Bookings ,"Count of people who have visited 1,2,3 or up to 10+ Venues"
48,No of venues visited_More than 10 (AFD-All),Cultural Participation (Actual),8,Audience Finder Data - Total Bookings ,"Count of people who have visited 1,2,3 or up to 10+ Venues"
49,Number of performances (AFD Bookers at Cov Venues),Cultural Participation (Actual),8,Audience Finder Data - Bookings @ Coventry Venues,Number of bookings made
50,Number of performances (AFD),Cultural Participation (Actual),8,Audience Finder Data - Total Bookings ,Number of bookings made
51,Other Artforms (AFD Bookers at Cov Venues),Cultural Participation (Actual),8,Audience Finder Data - Bookings @ Coventry Venues,Number of bookings made
52,Other Artforms (AFD-All Bookers),Cultural Participation (Actual),8,Audience Finder Data - Total Bookings ,Number of bookings made
53,Outdoor Arts (AFD Bookers at Cov Venues),Cultural Participation (Actual),8,Audience Finder Data - Bookings @ Coventry Venues,Number of bookings made
54,Outdoor Arts (AFD-All Bookers),Cultural Participation (Actual),8,Audience Finder Data - Total Bookings ,Number of bookings made
55,Plays/Drama (AFD Bookers at Cov Venues),Cultural Participation (Actual),8,Audience Finder Data - Bookings @ Coventry Venues,Number of bookings made
56,Plays/Drama (AFD-All Bookers),Cultural Participation (Actual),8,Audience Finder Data - Total Bookings ,Number of bookings made
57,Traditional Visual Arts (AFD-All Bookers),Cultural Participation (Actual),8,Audience Finder Data - Total Bookings ,Number of bookings made
58,Uncoded (AFD-All Bookers),Cultural Participation (Actual),8,Audience Finder Data - Total Bookings ,Number of bookings made
59,Workshops (AFD Bookers at Cov Venues),Cultural Participation (Actual),8,Audience Finder Data - Bookings @ Coventry Venues,Number of bookings made
60,Workshops (AFD-All Bookers),Cultural Participation (Actual),8,Audience Finder Data - Total Bookings ,Number of bookings made
67,Archeological Sites (TGI),Cultural Participation (Estimated),8,,% in the area visiting this type of venue (Target Group Index Survey Participation Estimate) 
68,Art galleries (TGI),Cultural Participation (Estimated),8,,% in the area visiting this type of venue (Target Group Index Survey Participation Estimate) 
69,Art gallery once a month or more (TGI),Cultural Participation (Estimated),8,,% in the area visiting this type of venue (Target Group Index Survey Participation Estimate) 
70,Ballet (TGI),Cultural Participation (Estimated),8,,% in the area visiting this type of venue (Target Group Index Survey Participation Estimate) 
71,Cinema_Ever go to the cinema (TGI),Cultural Participation (Estimated),8,,% in the area visiting this type of venue (Target Group Index Survey Participation Estimate) 
72,Cinema_Go every two or three months (TGI),Cultural Participation (Estimated),8,,% in the area visiting this type of venue (Target Group Index Survey Participation Estimate) 
73,Cinema_Go once or more a month (TGI),Cultural Participation (Estimated),8,,% in the area visiting this type of venue (Target Group Index Survey Participation Estimate) 
74,Cinema_Never go (TGI),Cultural Participation (Estimated),8,,% in the area visiting this type of venue (Target Group Index Survey Participation Estimate) 
75,Classical concerts (TGI),Cultural Participation (Estimated),8,,% in the area visiting this type of venue (Target Group Index Survey Participation Estimate) 
76,Comedy Shows (TGI),Cultural Participation (Estimated),8,,% in the area visiting this type of venue (Target Group Index Survey Participation Estimate) 
77,Contemporary dance (TGI),Cultural Participation (Estimated),8,,% in the area visiting this type of venue (Target Group Index Survey Participation Estimate) 
78,Jazz concerts (TGI),Cultural Participation (Estimated),8,,% in the area visiting this type of venue (Target Group Index Survey Participation Estimate) 
79,Museums (TGI),Cultural Participation (Estimated),8,,% in the area visiting this type of venue (Target Group Index Survey Participation Estimate) 
80,Opera (TGI),Cultural Participation (Estimated),8,,% in the area visiting this type of venue (Target Group Index Survey Participation Estimate) 
81,Plays (TGI),Cultural Participation (Estimated),8,,% in the area visiting this type of venue (Target Group Index Survey Participation Estimate) 
82,Popular/rock concert (TGI),Cultural Participation (Estimated),8,,% in the area visiting this type of venue (Target Group Index Survey Participation Estimate) 
83,Stately homes/ castles (TGI),Cultural Participation (Estimated),8,,% in the area visiting this type of venue (Target Group Index Survey Participation Estimate) 
84,Theatre (TGI),Cultural Participation (Estimated),8,,% in the area visiting this type of venue (Target Group Index Survey Participation Estimate) 
85,Theatre once a month or more (TGI),Cultural Participation (Estimated),8,,% in the area visiting this type of venue (Target Group Index Survey Participation Estimate) 
171,No-participation in Coventry - Adults (estimated 2021),Cultural Participation (Estimated),1,Coventry Household Survey 2021,"% of people who had not attended cultural events in Coventry, online or in person, in the last 12 months (from Coventry Household Survey 2021)"
172,Participation in Coventry- Adults (estimated 2021),Cultural Participation (Estimated),1,Coventry Household Survey 2021,"% of people who had attended cultural events in Coventry, online or in person, in the last 12 months (from Coventry Household Survey 2021)"
173,Participation in Coventry excluding pubs - Adults (estimated 2021),Cultural Participation (Estimated),1,Coventry Household Survey 2021,"% of people who had attended cultural events in Coventry, online or in person, in the last 12 months, excluding pubs (from Coventry Household Survey 2021)"
174,Participation in Coventry - Children (estimated 2021),Cultural Participation (Estimated),1,Coventry Household Survey 2021,"% of people whose children had attended cultural events in Coventry, online or in person, in the last 12 months, excluding pubs (from Coventry Household Survey 2021)"
175,Participation in Coventry excluding pubs - Children (estimated 2021),Cultural Participation (Estimated),1,Coventry Household Survey 2021,"% of people whose children had attended cultural events in Coventry, online or in person, in the last 12 months (from Coventry Household Survey 2021)"
86,WEMWBS Median Score ,Demographics and Community,1,https://warwick.ac.uk/fac/sci/med/research/platform/wemwbs/,The higher the score the more well people are feeling
87,Median Age,Demographics and Community,2,http://id.esd.org.uk/metricType/1941,Average Age in Years (from Census 2011)
88,Children 0-15 estimate 2019,Demographics and Community,3,Population aged 0-15,% Children in area population
89,Adults 16+ estimate 2019,Demographics and Community,4,Population aged 16 and over,% Over 16's in area population
90,Total Population 2019,Demographics and Community,5,https://standards.esd.org.uk/?uri=metricType%2F3281,Persons
91,% aged 85 and over,Demographics and Community,6,https://standards.esd.org.uk/?uri=metricType%2F3293,% Over 85's in population
92,Population density (inhabitants per hectare),Demographics and Community,7,http://id.esd.org.uk/metricType/176,Persons per Hectare
93,% ethnic minority,Demographics and Community,8,Census 2011,The % of the population in non-white ethnic groups as defined by Census 2011
94,Population aged 50 and over 2019,Demographics and Community,8,https://standards.esd.org.uk/?uri=metricType%2F12976,% of over 50's in area population
95,National Insurance Number registrations - overseas nationals,Demographics and Community,8,http://id.esd.org.uk/metricType/58,Count of overseas nationals of working age
96,Life Expectancy at Birth (Female) ,Demographics and Community,8,http://id.esd.org.uk/metricType/3336,Years
97,Life Expectancy at Birth (Male) ,Demographics and Community,8,http://id.esd.org.uk/metricType/3335,Years
98,Working age unemployment,Demographics and Community,8,http://id.esd.org.uk/metricType/3314,Number of persons and % of working age population
99,No qualifications,Demographics and Community,8,http://id.esd.org.uk/metricType/2001,Number of persons and % of population
100,Obese children in reception year (%),Demographics and Community,8,http://id.esd.org.uk/metricType/3333,From Child Measurement Programme
101,Obese children in year 6 (%),Demographics and Community,8,http://id.esd.org.uk/metricType/3333,From Child Measurement Programme
102,No-one in household with English as main language,Demographics and Community,8,http://id.esd.org.uk/metricType/2094,Number and % of Households 
103,Average household size (Persons),Demographics and Community,8,http://id.esd.org.uk/metricType/1983,Persons per household
104,Health Deprivation and Disability Score,Deprivation,8,% Persons living in Households deprived due to poor health or disability,"The higher the  score, the more deprived an area is "
105,IDACI (Income Deprivation Affecting Children Index) Score (rate),Deprivation,8,% Children living in Income Deprived Households,% Children living in Income Deprived Households
106,IDAOPI (Income Deprivation Affecting Older People) Score (rate),Deprivation,8,% Older People living in Income Deprived Households,% Older People living in Income Deprived Households
107,Index of Multiple Deprivation (IMD) Score,Deprivation,8,The higher the score - the more deprived the area is,The higher the score - the more deprived the area is
108,% Households in fuel poverty,Deprivation,8,http://id.esd.org.uk/metricType/2131,% of Households
109,No. of people not in employment on Universal Credit,Deprivation,8,https://www.gov.uk/government/publications/universal-credit-statistics-background-information-and-methodology/universal-credit-statistics-background-information-and-methodology,Persons
110,Career Climbers (ACORN variance from Coventry overall),Segmentation (ACORN),8,https://acorn.caci.co.uk/downloads/Acorn-User-guide.pdf,The  difference between the % of the households of this area in this type and the % in Coventry
111,Career Climbers (ACORN),Segmentation (ACORN),8,https://acorn.caci.co.uk/downloads/Acorn-User-guide.pdf,The concentration of this type in this area
112,City Sophisticates (ACORN variance from Coventry overall),Segmentation (ACORN),8,https://acorn.caci.co.uk/downloads/Acorn-User-guide.pdf,The  difference between the % of the households of this area in this type and the % in Coventry
113,City Sophisticates (ACORN),Segmentation (ACORN),8,https://acorn.caci.co.uk/downloads/Acorn-User-guide.pdf,The concentration of this type in this area
114,Comfortable Seniors (ACORN variance from Coventry overall),Segmentation (ACORN),8,https://acorn.caci.co.uk/downloads/Acorn-User-guide.pdf,The  difference between the % of the households of this area in this type and the % in Coventry
115,Comfortable Seniors (ACORN),Segmentation (ACORN),8,https://acorn.caci.co.uk/downloads/Acorn-User-guide.pdf,The concentration of this type in this area
116,Countryside Communities (ACORN variance from Coventry overall),Segmentation (ACORN),8,https://acorn.caci.co.uk/downloads/Acorn-User-guide.pdf,The  difference between the % of the households of this area in this type and the % in Coventry
117,Countryside Communities (ACORN),Segmentation (ACORN),8,https://acorn.caci.co.uk/downloads/Acorn-User-guide.pdf,The concentration of this type in this area
118,Difficult Circumstances (ACORN variance from Coventry overall),Segmentation (ACORN),8,https://acorn.caci.co.uk/downloads/Acorn-User-guide.pdf,The  difference between the % of the households of this area in this type and the % in Coventry
119,Difficult Circumstances (ACORN),Segmentation (ACORN),8,https://acorn.caci.co.uk/downloads/Acorn-User-guide.pdf,The concentration of this type in this area
120,Executive Wealth (ACORN variance from Coventry overall),Segmentation (ACORN),8,https://acorn.caci.co.uk/downloads/Acorn-User-guide.pdf,The  difference between the % of the households of this area in this type and the % in Coventry
121,Executive Wealth (ACORN),Segmentation (ACORN),8,https://acorn.caci.co.uk/downloads/Acorn-User-guide.pdf,The concentration of this type in this area
122,Lavish Lifestyles (ACORN variance from Coventry overall),Segmentation (ACORN),8,https://acorn.caci.co.uk/downloads/Acorn-User-guide.pdf,The  difference between the % of the households of this area in this type and the % in Coventry
123,Lavish Lifestyles (ACORN),Segmentation (ACORN),8,https://acorn.caci.co.uk/downloads/Acorn-User-guide.pdf,The concentration of this type in this area
124,Mature Money (ACORN variance from Coventry overall),Segmentation (ACORN),8,https://acorn.caci.co.uk/downloads/Acorn-User-guide.pdf,The  difference between the % of the households of this area in this type and the % in Coventry
125,Mature Money (ACORN),Segmentation (ACORN),8,https://acorn.caci.co.uk/downloads/Acorn-User-guide.pdf,The concentration of this type in this area
126,Modest Means (ACORN variance from Coventry overall),Segmentation (ACORN),8,https://acorn.caci.co.uk/downloads/Acorn-User-guide.pdf,The  difference between the % of the households of this area in this type and the % in Coventry
127,Modest Means (ACORN),Segmentation (ACORN),8,https://acorn.caci.co.uk/downloads/Acorn-User-guide.pdf,The concentration of this type in this area
128,Not Private Households (ACORN variance from Coventry overall),Segmentation (ACORN),8,https://acorn.caci.co.uk/downloads/Acorn-User-guide.pdf,The  difference between the % of the households of this area in this type and the % in Coventry
129,Not Private Households (ACORN),Segmentation (ACORN),8,https://acorn.caci.co.uk/downloads/Acorn-User-guide.pdf,The concentration of this type in this area
130,Poorer Pensioners (ACORN variance from Coventry overall),Segmentation (ACORN),8,https://acorn.caci.co.uk/downloads/Acorn-User-guide.pdf,The  difference between the % of the households of this area in this type and the % in Coventry
131,Poorer Pensioners (ACORN),Segmentation (ACORN),8,https://acorn.caci.co.uk/downloads/Acorn-User-guide.pdf,The concentration of this type in this area
132,Starting Out (ACORN variance from Coventry overall),Segmentation (ACORN),8,https://acorn.caci.co.uk/downloads/Acorn-User-guide.pdf,The  difference between the % of the households of this area in this type and the % in Coventry
133,Starting Out (ACORN),Segmentation (ACORN),8,https://acorn.caci.co.uk/downloads/Acorn-User-guide.pdf,The concentration of this type in this area
134,Steady Neighbourhoods (ACORN variance from Coventry overall),Segmentation (ACORN),8,https://acorn.caci.co.uk/downloads/Acorn-User-guide.pdf,The  difference between the % of the households of this area in this type and the % in Coventry
135,Steady Neighbourhoods (ACORN),Segmentation (ACORN),8,https://acorn.caci.co.uk/downloads/Acorn-User-guide.pdf,The concentration of this type in this area
136,Striving Families (ACORN variance from Coventry overall),Segmentation (ACORN),8,https://acorn.caci.co.uk/downloads/Acorn-User-guide.pdf,The  difference between the % of the households of this area in this type and the % in Coventry
137,Striving Families (ACORN),Segmentation (ACORN),8,https://acorn.caci.co.uk/downloads/Acorn-User-guide.pdf,The concentration of this type in this area
138,Struggling Estates (ACORN variance from Coventry overall),Segmentation (ACORN),8,https://acorn.caci.co.uk/downloads/Acorn-User-guide.pdf,The  difference between the % of the households of this area in this type and the % in Coventry
139,Struggling Estates (ACORN),Segmentation (ACORN),8,https://acorn.caci.co.uk/downloads/Acorn-User-guide.pdf,The concentration of this type in this area
140,Student Life (ACORN variance from Coventry overall),Segmentation (ACORN),8,https://acorn.caci.co.uk/downloads/Acorn-User-guide.pdf,The  difference between the % of the households of this area in this type and the % in Coventry
141,Student Life (ACORN),Segmentation (ACORN),8,https://acorn.caci.co.uk/downloads/Acorn-User-guide.pdf,The concentration of this type in this area
142,Successful Suburbs (ACORN variance from Coventry overall),Segmentation (ACORN),8,https://acorn.caci.co.uk/downloads/Acorn-User-guide.pdf,The  difference between the % of the households of this area in this type and the % in Coventry
143,Successful Suburbs (ACORN),Segmentation (ACORN),8,https://acorn.caci.co.uk/downloads/Acorn-User-guide.pdf,The concentration of this type in this area
144,Young Hardship (ACORN variance from Coventry overall),Segmentation (ACORN),8,https://acorn.caci.co.uk/downloads/Acorn-User-guide.pdf,The  difference between the % of the households of this area in this type and the % in Coventry
145,Young Hardship (ACORN),Segmentation (ACORN),8,https://acorn.caci.co.uk/downloads/Acorn-User-guide.pdf,The concentration of this type in this area
146,Commuter-land Culturebuffs (AS),Segmentation (Audience Spectrum),8,https://www.theaudienceagency.org/audience-spectrum/commuterland-culturebuffs,The concentration of this type in this area
147,Dormitory Dependables (AS),Segmentation (Audience Spectrum),8,https://www.theaudienceagency.org/audience-spectrum/dormitory-dependables,The concentration of this type in this area
148,Experience Seekers (AS),Segmentation (Audience Spectrum),8,https://www.theaudienceagency.org/audience-spectrum/experience-seekers,The concentration of this type in this area
149,Facebook Families (AS),Segmentation (Audience Spectrum),8,https://www.theaudienceagency.org/audience-spectrum/facebook-families,The concentration of this type in this area
150,Heydays (AS),Segmentation (Audience Spectrum),8,https://www.theaudienceagency.org/audience-spectrum/heydays,The concentration of this type in this area
151,Home & Heritage (AS),Segmentation (Audience Spectrum),8,https://www.theaudienceagency.org/audience-spectrum/home-and-heritage,The concentration of this type in this area
152,Kaleidoscope Creativity (AS),Segmentation (Audience Spectrum),8,https://www.theaudienceagency.org/audience-spectrum/kaleidoscope-creativity,The concentration of this type in this area
153,Metro-culturals (AS),Segmentation (Audience Spectrum),8,https://www.theaudienceagency.org/audience-spectrum/metroculturals,The concentration of this type in this area
154,Trips and Treats (AS),Segmentation (Audience Spectrum),8,https://www.theaudienceagency.org/audience-spectrum/trips-and-treats,The concentration of this type in this area
155,Up Our Street (AS),Segmentation (Audience Spectrum),8,https://www.theaudienceagency.org/audience-spectrum/up-our-street,The concentration of this type in this area
156,Aspiring Homemakers (MOSAIC),Segmentation (MOSAIC),8,https://www.theaudienceagency.org/insight/mosaic,The concentration of this type in this area
157,City Prosperity (MOSAIC),Segmentation (MOSAIC),8,https://www.theaudienceagency.org/insight/mosaic,The concentration of this type in this area
158,Country Living (MOSAIC),Segmentation (MOSAIC),8,https://www.theaudienceagency.org/insight/mosaic,The concentration of this type in this area
159,Domestic Success (MOSAIC),Segmentation (MOSAIC),8,https://www.theaudienceagency.org/insight/mosaic,The concentration of this type in this area
160,Family Basics (MOSAIC),Segmentation (MOSAIC),8,https://www.theaudienceagency.org/insight/mosaic,The concentration of this type in this area
161,Modest Traditions (MOSAIC) ,Segmentation (MOSAIC),8,https://www.theaudienceagency.org/insight/mosaic,The concentration of this type in this area
162,Municipal Tenants (MOSAIC),Segmentation (MOSAIC),8,https://www.theaudienceagency.org/insight/mosaic,The concentration of this type in this area
163,Prestige Positions (MOSAIC),Segmentation (MOSAIC),8,https://www.theaudienceagency.org/insight/mosaic,The concentration of this type in this area
164,Rental Hubs (MOSAIC) ,Segmentation (MOSAIC),8,https://www.theaudienceagency.org/insight/mosaic,The concentration of this type in this area
165,Rural Reality (MOSAIC),Segmentation (MOSAIC),8,https://www.theaudienceagency.org/insight/mosaic,The concentration of this type in this area
166,Senior Security (MOSAIC),Segmentation (MOSAIC),8,https://www.theaudienceagency.org/insight/mosaic,The concentration of this type in this area
167,Suburban Stability (MOSAIC) ,Segmentation (MOSAIC),8,https://www.theaudienceagency.org/insight/mosaic,The concentration of this type in this area
168,Transient Renters (MOSAIC) ,Segmentation (MOSAIC),8,https://www.theaudienceagency.org/insight/mosaic,The concentration of this type in this area
169,Urban Cohesion (MOSAIC) ,Segmentation (MOSAIC),8,https://www.theaudienceagency.org/insight/mosaic,The concentration of this type in this area
170,Vintage Value (MOSAIC),Segmentation (MOSAIC),8,https://www.theaudienceagency.org/insight/mosaic,The concentration of this type in this area
HSS2021q1satwherelive,% Satisfied with local area as a place to live,Coventry Household Survey 2021 - Community,1,,% Satisfied with local area as a place to live (Coventry Household Survey 2021)
HSS2021q2satcouncilrunsthings,% Satisfied with the way The Council runs things,Coventry Household Survey 2021 - Community,1,,% Satisfied with the way The Council runs things (Coventry Household Survey 2021)
HSS2021q3agreecouncilvfm,% agree that Coventry City Council provides value for money?,Coventry Household Survey 2021 - Community,1,,% agree that Coventry City Council provides value for money? (Coventry Household Survey 2021)
HHS2021q12agreeplacegetalong,% agree where they live is a place where people from different backgrounds get along,Coventry Household Survey 2021 - Community,1,,% agree where they live is a place where people from different backgrounds get along (Coventry Household Survey 2021)
HHS2021q13agreeagreeopportunitiesinvolved,% agree there are opportunities to get involved in improving their area,Coventry Household Survey 2021 - Community,1,,% agree there are opportunities to get involved in improving their area (Coventry Household Survey 2021)
HHS2021q19aeatbreakfast,% eat breakfast daily,Coventry Household Survey 2021 - Health & Wellbeing,1,,% eat breakfast daily (Coventry Household Survey 2021)
HHS2021q19bpricemostimportant,% say price is most important factor when deciding food to buy,Coventry Household Survey 2021 - Health & Wellbeing,1,,% say price is most important factor when deciding food to buy (Coventry Household Survey 2021)
HHS2021q19cimportanttoeathealthyfood,% agree it is important to eat healty food,Coventry Household Survey 2021 - Health & Wellbeing,1,,% agree it is important to eat healty food (Coventry Household Survey 2021)
HHS2021q19dcanmakedinnerfromscratch,% agree they have enough time to make dinner from scratch every night,Coventry Household Survey 2021 - Health & Wellbeing,1,,% agree they have enough time to make dinner from scratch every night (Coventry Household Survey 2021)
HHS2021q19eplanmealsbeforeshopping,% agree they plan meals before going shopping,Coventry Household Survey 2021 - Health & Wellbeing,1,,% agree they plan meals before going shopping (Coventry Household Survey 2021)
HHS2021q19fimportantfamilyeatstogether,% agree that it is important for families to eat together,Coventry Household Survey 2021 - Health & Wellbeing,1,,% agree that it is important for families to eat together (Coventry Household Survey 2021)
HHS2021q19geverythinginkitchencookfromscratch,% agree they have everything needed in kitchen to cook meals from scratch,Coventry Household Survey 2021 - Health & Wellbeing,1,,% agree they have everything needed in kitchen to cook meals from scratch (Coventry Household Survey 2021)
HHS2021q19heatssnacks,% agree they frequently eat snacks between meals,Coventry Household Survey 2021 - Health & Wellbeing,1,,% agree they frequently eat snacks between meals (Coventry Household Survey 2021)
HHS2021q28aeasytravelcar,% agree it is easy to travel around in Coventry by car,Coventry Household Survey 2021 - Transport,1,,% agree it is easy to travel around in Coventry by car (Coventry Household Survey 2021)
HHS2021q28beasytravelpublictrans,% agree it is easy to travel around in Coventry by public transport,Coventry Household Survey 2021 - Transport,1,,% agree it is easy to travel around in Coventry by public transport (Coventry Household Survey 2021)
HHS2021q28ceasytravelbike,% agree it is easy to travel around in Coventry by bike,Coventry Household Survey 2021 - Transport,1,,% agree it is easy to travel around in Coventry by bike (Coventry Household Survey 2021)
HHS2021q28deasytravelonfoot,% agree it is easy to travel around in Coventry on foot,Coventry Household Survey 2021 - Transport,1,,% agree it is easy to travel around in Coventry on foot (Coventry Household Survey 2021)
HHS2021SWEMWBSProbDepressed,% Probably Depressed from SWEMWBS Score,Coventry Household Survey 2021 - Health & Wellbeing,1,,% Probably Depressed from SWEMWBS Score (Coventry Household Survey 2021)
HHS2021q4Councilactsonconcernsagreatdeal,% think the Council acts on the concerns of local residents a great deal,Coventry Household Survey 2021 - Community,1,,% think the Council acts on the concerns of local residents a great deal (Coventry Household Survey 2021)
HHS2021q5Councilkeepsresidentswellinformed,% think the Council keeps residents well informed,Coventry Household Survey 2021 - Community,1,,% think the Council keeps residents well informed (Coventry Household Survey 2021)
HHS2021q6feelsafeousideatnight,% feel safe outside at night,Coventry Household Survey 2021 - Community,1,,% feel safe outside at night (Coventry Household Survey 2021)
HHS2021q7feelsafeousideday,% feel safe outside during the day,Coventry Household Survey 2021 - Community,1,,% feel safe outside during the day (Coventry Household Survey 2021)
HHS2021q8ratecitycentreterrible,% rate Coventry City Centre as Terrible,Coventry Household Survey 2021 - Community,1,,% rate Coventry City Centre as Terrible (Coventry Household Survey 2021)
HHS2021q9localareagotbettertolivein,% feel their local area has got better to live in in the last 2 years,Coventry Household Survey 2021 - Community,1,,% feel their local area has got better to live in in the last 2 years (Coventry Household Survey 2021)
HHS2021q10stronglybelongtolocalarea,% feel they belong strongly to their local area,Coventry Household Survey 2021 - Community,1,,% feel they belong strongly to their local area (Coventry Household Survey 2021)
HHS2021q10stronglybelongtoCoventry,% feel they belong strongly to Coventry,Coventry Household Survey 2021 - Community,1,,% feel they belong strongly to Coventry (Coventry Household Survey 2021)
HHS2021q11postcovidbelonging,% feel they belong to their local community MORE post COVID-19,Coventry Household Survey 2021 - Community,1,,% feel they belong to their local community MORE post COVID-19 (Coventry Household Survey 2021)
HHS2021q14likelytogetinvolvedlocally,% feel they are likely to get involved in making improvements in their local community in next 12 months,Coventry Household Survey 2021 - Community,1,,% feel they are likely to get involved in making improvements in their local community in next 12 months (Coventry Household Survey 2021)
HHS2021q15generalhealthisgood,% say their general health is good,Coventry Household Survey 2021 - Health & Wellbeing,1,,% say their general health is good (Coventry Household Survey 2021)
HHS2021q16currentlysmoke,% currently smoke cigarettes,Coventry Household Survey 2021 - Health & Wellbeing,1,,% currently smoke cigarettes (Coventry Household Survey 2021)
HHS2021q17currentlyecig,% currently use E-cigarettes,Coventry Household Survey 2021 - Health & Wellbeing,1,,% currently use E-cigarettes (Coventry Household Survey 2021)
HHS2021q18fiveaday,% eat 5 portions of fruit or vegetables a day,Coventry Household Survey 2021 - Health & Wellbeing,1,,% eat 5 portions of fruit or vegetables a day (Coventry Household Survey 2021)
HHS2021q20eattakeawaysonceortwicepw,% eat takeaways once or twice per week,Coventry Household Survey 2021 - Health & Wellbeing,1,,% eat takeaways once or twice per week (Coventry Household Survey 2021)
HHS2021q21householdnotenoughtoeat,% say they don’t have enough to eat compared to 12 months ago,Coventry Household Survey 2021 - Health & Wellbeing,1,,% say they don’t have enough to eat compared to 12 months ago (Coventry Household Survey 2021)
HHS2021q22drinkalcohol2+dayspw,% say they drink alcohol on 2 or more days per week,Coventry Household Survey 2021 - Health & Wellbeing,1,,% say they drink alcohol on 2 or more days per week (Coventry Household Survey 2021)
HHS2021q232-3unitson5+days,% say they drink 2-3 units of acohol on 5 or more days per week,Coventry Household Survey 2021 - Health & Wellbeing,1,,% say they drink 2-3 units of acohol on 5 or more days per week (Coventry Household Survey 2021)
HHS2021q25activitylimitedbyhealth,% say their daily activity is limited by bad health,Coventry Household Survey 2021 - Health & Wellbeing,1,,% say their daily activity is limited by bad health (Coventry Household Survey 2021)
HHS2021q26worriedaboutmoneyoftenormore,% say they worry about money in recent weeks often or more,Coventry Household Survey 2021 - Health & Wellbeing,1,,% say they worry about money in recent weeks often or more (Coventry Household Survey 2021)
HHS2021q27acartowork,% of those who travel to work who use a car,Coventry Household Survey 2021 - Transport,1,,% of those who travel to work who use a car (Coventry Household Survey 2021)
HHS2021q27bcartoeducation,% of those who travel to education that use a car,Coventry Household Survey 2021 - Transport,1,,% of those who travel to education that use a car (Coventry Household Survey 2021)
HHS2021q28ccarkidstoschool,% of those who escort children to school that use a car,Coventry Household Survey 2021 - Transport,1,,% of those who escort children to school that use a car (Coventry Household Survey 2021)
HHS2021q30likelytomoveinnext4-5years,% say they are likely to be moving home in the next 4-5 years,Coventry Household Survey 2021 - Community,1,,% say they are likely to be moving home in the next 4-5 years (Coventry Household Survey 2021)
HHS2021q32moveoutofcoventry,% of the people who say they'll move in the next 4-5 years who want to move out of Coventry,Coventry Household Survey 2021 - Community,1,,% of the people who say they'll move in the next 4-5 years who want to move out of Coventry (Coventry Household Survey 2021)
HHS2021q33azeroculturalactivity,"% of people who say they've done no Cultural Activities and social activities in the last week– e.g. visiting a museum virtually, watching a play or musical online or an online/virtual chat with a friend",Coventry Household Survey 2021 - Culture,1,,"% of people who say they've done no Cultural Activities and social activities in the last week– e.g. visiting a museum virtually, watching a play or musical online or an online/virtual chat with a friend (Coventry Household Survey 2021)"
HHS2021q33bzeroeverydayactivity,"% of people who say they’ve done no Everyday activity in the last week For example: Active travel (walking or cycling as a form of transport), heavy housework, gardening / DIY, occupational activity",Coventry Household Survey 2021 - Culture,1,,"% of people who say they’ve done no Everyday activity in the last week For example: Active travel (walking or cycling as a form of transport), heavy housework, gardening / DIY, occupational activity (Coventry Household Survey 2021)"
HHS2021q33czeroactiverecreation,"% of people who say they've done no Active recreation in the last week For example: Recreational walking / cycling, active play (with children) at home or at the playground when allowed",Coventry Household Survey 2021 - Culture,1,,"% of people who say they've done no Active recreation in the last week For example: Recreational walking / cycling, active play (with children) at home or at the playground when allowed (Coventry Household Survey 2021)"
HHS2021q33dzerosport,% of people who say they've done no Sport in the last week,Coventry Household Survey 2021 - Culture,1,,% of people who say they've done no Sport in the last week (Coventry Household Survey 2021)
HHS2021q33dzeropark/openspace,% of people who say they've not visited a park or open space in the last week,Coventry Household Survey 2021 - Culture,1,,% of people who say they've not visited a park or open space in the last week (Coventry Household Survey 2021)
HHS2021q34azeromuseums,% say they've not attended a museum or gallery in Coventry in the last 12 months,Coventry Household Survey 2021 - Culture,1,,% say they've not attended a museum or gallery in Coventry in the last 12 months (Coventry Household Survey 2021)
HHS2021q34bzeropubsclubs,"% say they've not attended a pub, club or bar in Coventry in the last 12 months",Coventry Household Survey 2021 - Culture,1,,"% say they've not attended a pub, club or bar in Coventry in the last 12 months (Coventry Household Survey 2021)"
HHS2021q34czeroliveevents,% say they've not attended a live event in Coventry in the last 12 months,Coventry Household Survey 2021 - Culture,1,,% say they've not attended a live event in Coventry in the last 12 months (Coventry Household Survey 2021)
HHS2021q34dzerolivemusic,% say they've not attended live music in Coventry in the last 12 months,Coventry Household Survey 2021 - Culture,1,,% say they've not attended live music in Coventry in the last 12 months (Coventry Household Survey 2021)
HHS2021q34ezerotheatre,% say they've not attended theatre performances in Coventry in the last 12 months,Coventry Household Survey 2021 - Culture,1,,% say they've not attended theatre performances in Coventry in the last 12 months (Coventry Household Survey 2021)
HHS2021q34fzerocinema,% say they've not attended cinema in Coventry in the last 12 months,Coventry Household Survey 2021 - Culture,1,,% say they've not attended cinema in Coventry in the last 12 months (Coventry Household Survey 2021)
HHS2021q34gzerocommunityart,"% say they've not attended arts-based community groups (e.g. dance, music, arts, etc.) in Coventry in the last 12 months",Coventry Household Survey 2021 - Culture,1,,"% say they've not attended arts-based community groups (e.g. dance, music, arts, etc.) in Coventry in the last 12 months (Coventry Household Survey 2021)"
HHS2021q34hzerofaith-basedarts,% say they've not attended Faith-based cultural activities in Coventry in the last 12 months,Coventry Household Survey 2021 - Culture,1,,% say they've not attended Faith-based cultural activities in Coventry in the last 12 months (Coventry Household Survey 2021)
HHS2021q34izerohome-basedarts,"% say they've not done any Home-based activity (e.g. crafts, music making and painting) in Coventry in the last 12 months",Coventry Household Survey 2021 - Culture,1,,"% say they've not done any Home-based activity (e.g. crafts, music making and painting) in Coventry in the last 12 months (Coventry Household Survey 2021)"
HHS2021q38covidpostivepreceptionCoC,% say the COVID-19 pandemic positively changed your perception of the value of Coventry City of Culture,Coventry Household Survey 2021 - Culture,1,,% say the COVID-19 pandemic positively changed your perception of the value of Coventry City of Culture (Coventry Household Survey 2021)
HHS2021q39covrespondedtocovidwell,% think that Coventry as a whole has responded to the COVID-19 pandemic well,Coventry Household Survey 2021 - Community,1,,% think that Coventry as a whole has responded to the COVID-19 pandemic well (Coventry Household Survey 2021)
HHS2021q40volunteerdbeforecovid,% who volunteered formally or informally before the COVID-19 pandemic,Coventry Household Survey 2021 - Community,1,,% who volunteered formally or informally before the COVID-19 pandemic (Coventry Household Survey 2021)
HHS2021q40volunteerdduringcovid,% who volunteered formally or informally during the COVID-19 pandemic,Coventry Household Survey 2021 - Community,1,,% who volunteered formally or informally during the COVID-19 pandemic (Coventry Household Survey 2021)
HHS2021q34ainpersonmuseums,% say they've attended a museum or gallery in person in Coventry in the last 12 months,Coventry Household Survey 2021 - Culture,1,,% say they've attended a museum or gallery in person in Coventry in the last 12 months (Coventry Household Survey 2021)
HHS2021q34binpersonpubsclubs,"% say they've attended a pub, club or bar in person in Coventry in the last 12 months",Coventry Household Survey 2021 - Culture,1,,"% say they've attended a pub, club or bar in person in Coventry in the last 12 months (Coventry Household Survey 2021)"
HHS2021q34cinpersonliveevents,% say they've attended a live event in person in Coventry in the last 12 months,Coventry Household Survey 2021 - Culture,1,,% say they've attended a live event in person in Coventry in the last 12 months (Coventry Household Survey 2021)
HHS2021q34dinpersonlivemusic,% say they've attended live music in person in Coventry in the last 12 months,Coventry Household Survey 2021 - Culture,1,,% say they've attended live music in person in Coventry in the last 12 months (Coventry Household Survey 2021)
HHS2021q34einpersontheatre,% say they've attended theatre performances in person in Coventry in the last 12 months,Coventry Household Survey 2021 - Culture,1,,% say they've attended theatre performances in person in Coventry in the last 12 months (Coventry Household Survey 2021)
HHS2021q34finpersoncinema,% say they've attended cinema in person in Coventry in the last 12 months,Coventry Household Survey 2021 - Culture,1,,% say they've attended cinema in person in Coventry in the last 12 months (Coventry Household Survey 2021)
HHS2021q34ginpersoncommunityart,"% say they've attended arts-based community groups (e.g. dance, music, arts, etc.) in person in Coventry in the last 12 months",Coventry Household Survey 2021 - Culture,1,,"% say they've attended arts-based community groups (e.g. dance, music, arts, etc.) in person in Coventry in the last 12 months (Coventry Household Survey 2021)"
HHS2021q34hinpersonfaith-basedarts,% say they've attended Faith-based cultural activities in Coventry in person in the last 12 months,Coventry Household Survey 2021 - Culture,1,,% say they've attended Faith-based cultural activities in Coventry in person in the last 12 months (Coventry Household Survey 2021)
HHS2021q34iinpersonhome-basedarts,"% say they've done any Home-based activity (e.g. crafts, music making and painting) in person in Coventry in the last 12 months",Coventry Household Survey 2021 - Culture,1,,"% say they've done any Home-based activity (e.g. crafts, music making and painting) in person in Coventry in the last 12 months (Coventry Household Survey 2021)"
HHS2021q34avirtualmuseums,% say they've attended a museum or gallery virtually in Coventry in the last 12 months,Coventry Household Survey 2021 - Culture,1,,% say they've attended a museum or gallery virtually in Coventry in the last 12 months (Coventry Household Survey 2021)
HHS2021q34bvirtualpubsclubs,"% say they've attended a pub, club or bar virtually in Coventry in the last 12 months",Coventry Household Survey 2021 - Culture,1,,"% say they've attended a pub, club or bar virtually in Coventry in the last 12 months (Coventry Household Survey 2021)"
HHS2021q34cvirtualliveevents,% say they've attended a live event virtually in Coventry in the last 12 months,Coventry Household Survey 2021 - Culture,1,,% say they've attended a live event virtually in Coventry in the last 12 months (Coventry Household Survey 2021)
HHS2021q34dvirtuallivemusic,% say they've attended live music virtually in Coventry in the last 12 months,Coventry Household Survey 2021 - Culture,1,,% say they've attended live music virtually in Coventry in the last 12 months (Coventry Household Survey 2021)
HHS2021q34evirtualtheatre,% say they've attended theatre performances virtually in Coventry in the last 12 months,Coventry Household Survey 2021 - Culture,1,,% say they've attended theatre performances virtually in Coventry in the last 12 months (Coventry Household Survey 2021)
HHS2021q34fvirtualcinema,% say they've attended cinema virtually in Coventry in the last 12 months,Coventry Household Survey 2021 - Culture,1,,% say they've attended cinema virtually in Coventry in the last 12 months (Coventry Household Survey 2021)
HHS2021q34gvirtualcommunityart,"% say they've attended arts-based community groups (e.g. dance, music, arts, etc.) virtually in Coventry in the last 12 months",Coventry Household Survey 2021 - Culture,1,,"% say they've attended arts-based community groups (e.g. dance, music, arts, etc.) virtually in Coventry in the last 12 months (Coventry Household Survey 2021)"
HHS2021q34hvirtualfaith-basedarts,% say they've attended Faith-based cultural activities in Coventry virtually in the last 12 months,Coventry Household Survey 2021 - Culture,1,,% say they've attended Faith-based cultural activities in Coventry virtually in the last 12 months (Coventry Household Survey 2021)
HHS2021q34ivirtualhome-basedarts,"% say they've done any Home-based activity (e.g. crafts, music making and painting) virtually in Coventry in the last 12 months",Coventry Household Survey 2021 - Culture,1,,"% say they've done any Home-based activity (e.g. crafts, music making and painting) virtually in Coventry in the last 12 months (Coventry Household Survey 2021)"
