Attribute Code,Attribute,Theme,Order,Hyperlink - link to a pdf or a webpage poss FAC poss CoC,Notes,Original label
91,% aged 85 and over,Demographics and Community,6,https://standards.esd.org.uk/?uri=metricType%2F3293,% Over 85's in population,Agree They Can Get Involved With The Community
HHS2021q28ceasytravelbike,% agree it is easy to travel around in Coventry by bike,Transport,1,Coventry Household Survey 2021,% agree it is easy to travel around in Coventry by bike (Coventry Household Survey 2021),Agree They Can Influence Decisions
HHS2021q28aeasytravelcar,% agree it is easy to travel around in Coventry by car,Transport,1,Coventry Household Survey 2021,% agree it is easy to travel around in Coventry by car (Coventry Household Survey 2021),City Centre Satisfaction
HHS2021q28beasytravelpublictrans,% agree it is easy to travel around in Coventry by public transport,Transport,1,Coventry Household Survey 2021,% agree it is easy to travel around in Coventry by public transport (Coventry Household Survey 2021),Feel Safe - Day Time
HHS2021q28deasytravelonfoot,% agree it is easy to travel around in Coventry on foot,Transport,1,Coventry Household Survey 2021,% agree it is easy to travel around in Coventry on foot (Coventry Household Survey 2021),Feel Safe - Night Time
HHS2021q19cimportanttoeathealthyfood,% agree it is important to eat healty food,Health & Wellbeing,1,Coventry Household Survey 2021,% agree it is important to eat healty food (Coventry Household Survey 2021),Satisfied with Local Area
HSS2021q3agreecouncilvfm,% agree that Coventry City Council provides value for money,Demographics and Community,5,Coventry Household Survey 2021,% agree that Coventry City Council provides value for money? (Coventry Household Survey 2021),
HHS2021q19fimportantfamilyeatstogether,% agree that it is important for families to eat together,Health & Wellbeing,1,Coventry Household Survey 2021,% agree that it is important for families to eat together (Coventry Household Survey 2021),
HHS2021q19heatssnacks,% agree they frequently eat snacks between meals,Health & Wellbeing,1,Coventry Household Survey 2021,% agree they frequently eat snacks between meals (Coventry Household Survey 2021),
HHS2021q19dcanmakedinnerfromscratch,% agree they have enough time to make dinner from scratch every night,Health & Wellbeing,1,Coventry Household Survey 2021,% agree they have enough time to make dinner from scratch every night (Coventry Household Survey 2021),
HHS2021q19geverythinginkitchencookfromscratch,% agree they have everything needed in kitchen to cook meals from scratch,Health & Wellbeing,1,Coventry Household Survey 2021,% agree they have everything needed in kitchen to cook meals from scratch (Coventry Household Survey 2021),
HHS2021q12agreeplacegetalong,% agree they live in a place where people from different backgrounds get along,"Civic Pride, Community Cohesion & Safety",5,Coventry Household Survey 2021,% agree where they live is a place where people from different backgrounds get along (Coventry Household Survey 2021),
HHS2021q19eplanmealsbeforeshopping,% agree they plan meals before going shopping,Health & Wellbeing,1,Coventry Household Survey 2021,% agree they plan meals before going shopping (Coventry Household Survey 2021),
HHS2021q34cinpersonliveevents,% Attended a live event in person in Coventry in the last 12 months,Cultural Participation (Estimated),1,Coventry Household Survey 2021,% say they've attended a live event in person in Coventry in the last 12 months (Coventry Household Survey 2021),
HHS2021q34ainpersonmuseums,% Attended a museum or gallery in person in Coventry in the last 12 months,Cultural Participation (Estimated),1,Coventry Household Survey 2021,% say they've attended a museum or gallery in person in Coventry in the last 12 months (Coventry Household Survey 2021),
HHS2021q34binpersonpubsclubs,"% Attended a pub, club or bar in person in Coventry in the last 12 months",Cultural Participation (Estimated),1,Coventry Household Survey 2021,"% say they've attended a pub, club or bar in person in Coventry in the last 12 months (Coventry Household Survey 2021)",
HHS2021q34ginpersoncommunityart,"% Attended arts-based community groups (e.g. dance, music, arts, etc.) in person in Coventry in the last 12 months",Cultural Participation (Estimated),1,Coventry Household Survey 2021,"% say they've attended arts-based community groups (e.g. dance, music, arts, etc.) in person in Coventry in the last 12 months (Coventry Household Survey 2021)",
HHS2021q34gvirtualcommunityart,"% Attended arts-based community groups (e.g. dance, music, arts, etc.) virtually in Coventry in the last 12 months",Cultural Participation (Estimated),1,Coventry Household Survey 2021,"% say they've attended arts-based community groups (e.g. dance, music, arts, etc.) virtually in Coventry in the last 12 months (Coventry Household Survey 2021)",
HHS2021q34finpersoncinema,% Attended cinema in person in Coventry in the last 12 months,Cultural Participation (Estimated),1,Coventry Household Survey 2021,% say they've attended cinema in person in Coventry in the last 12 months (Coventry Household Survey 2021),
HHS2021q34hinpersonfaith-basedarts,% Attended Faith-based cultural activities in Coventry in person in the last 12 months,Cultural Participation (Estimated),1,Coventry Household Survey 2021,% say they've attended Faith-based cultural activities in Coventry in person in the last 12 months (Coventry Household Survey 2021),
HHS2021q34hvirtualfaith-basedarts,% Attended Faith-based cultural activities in Coventry virtually in the last 12 months,Cultural Participation (Estimated),1,Coventry Household Survey 2021,% say they've attended Faith-based cultural activities in Coventry virtually in the last 12 months (Coventry Household Survey 2021),
HHS2021q34dinpersonlivemusic,% Attended live music in person in Coventry in the last 12 months,Cultural Participation (Estimated),1,Coventry Household Survey 2021,% say they've attended live music in person in Coventry in the last 12 months (Coventry Household Survey 2021),
HHS2021q34dvirtuallivemusic,% Attended live music virtually in Coventry in the last 12 months,Cultural Participation (Estimated),1,Coventry Household Survey 2021,% say they've attended live music virtually in Coventry in the last 12 months (Coventry Household Survey 2021),
HHS2021q34einpersontheatre,% Attended theatre performances in person in Coventry in the last 12 months,Cultural Participation (Estimated),1,Coventry Household Survey 2021,% say they've attended theatre performances in person in Coventry in the last 12 months (Coventry Household Survey 2021),
HHS2021q34evirtualtheatre,% Attended theatre performances virtually in Coventry in the last 12 months,Cultural Participation (Estimated),1,Coventry Household Survey 2021,% say they've attended theatre performances virtually in Coventry in the last 12 months (Coventry Household Survey 2021),
HHS2021q16currentlysmoke,% currently smoke cigarettes,Health & Wellbeing,1,Coventry Household Survey 2021,% currently smoke cigarettes (Coventry Household Survey 2021),
HHS2021q17currentlyecig,% currently use E-cigarettes,Health & Wellbeing,1,Coventry Household Survey 2021,% currently use E-cigarettes (Coventry Household Survey 2021),
HHS2021q34iinpersonhome-basedarts,"% Done any Home-based activity (e.g. crafts, music making and painting) in person in Coventry in the last 12 months",Cultural Participation (Estimated),1,Coventry Household Survey 2021,"% say they've done any Home-based activity (e.g. crafts, music making and painting) in person in Coventry in the last 12 months (Coventry Household Survey 2021)",
HHS2021q34ivirtualhome-basedarts,"% Done any Home-based activity (e.g. crafts, music making and painting) virtually in Coventry in the last 12 months",Cultural Participation (Estimated),1,Coventry Household Survey 2021,"% say they've done any Home-based activity (e.g. crafts, music making and painting) virtually in Coventry in the last 12 months (Coventry Household Survey 2021)",
HHS2021q18fiveaday,% eat 5 portions of fruit or vegetables a day,Health & Wellbeing,1,Coventry Household Survey 2021,% eat 5 portions of fruit or vegetables a day (Coventry Household Survey 2021),
HHS2021q19aeatbreakfast,% eat breakfast daily,Health & Wellbeing,1,Coventry Household Survey 2021,% eat breakfast daily (Coventry Household Survey 2021),
HHS2021q20eattakeawaysonceortwicepw,% eat takeaways once or twice per week,Health & Wellbeing,1,Coventry Household Survey 2021,% eat takeaways once or twice per week (Coventry Household Survey 2021),
93,% ethnic minority,Demographics and Community,1,Census 2011,The % of the population in non-white ethnic groups as defined by Census 2011,
HHS2021q6feelsafeousideatnight,% feel safe outside at night,"Civic Pride, Community Cohesion & Safety",5,Coventry Household Survey 2021,% feel safe outside at night (Coventry Household Survey 2021),
HHS2021q7feelsafeousideday,% feel safe outside during the day,"Civic Pride, Community Cohesion & Safety",5,Coventry Household Survey 2021,% feel safe outside during the day (Coventry Household Survey 2021),
HHS2021q9localareagotbettertolivein,% feel their local area has got better to live in in the last 2 years,"Civic Pride, Community Cohesion & Safety",5,Coventry Household Survey 2021,% feel their local area has got better to live in in the last 2 years (Coventry Household Survey 2021),
HHS2021q10stronglybelongtoCoventry,% feel they belong strongly to Coventry,"Civic Pride, Community Cohesion & Safety",5,Coventry Household Survey 2021,% feel they belong strongly to Coventry (Coventry Household Survey 2021),
HHS2021q10stronglybelongtolocalarea,% feel they belong strongly to their local area,"Civic Pride, Community Cohesion & Safety",5,Coventry Household Survey 2021,% feel they belong strongly to their local area (Coventry Household Survey 2021),
HHS2021q11postcovidbelonging,% feel they belong to their local community MORE post COVID-19,"Civic Pride, Community Cohesion & Safety",5,Coventry Household Survey 2021,% feel they belong to their local community MORE post COVID-19 (Coventry Household Survey 2021),
108,% Households in fuel poverty,Deprivation,8,http://id.esd.org.uk/metricType/2131,% of Households,
HHS2021q14likelytogetinvolvedlocally,% Likely to get involved in making improvements in their local community in next 12 months,"Civic Pride, Community Cohesion & Safety",5,Coventry Household Survey 2021,% feel they are likely to get involved in making improvements in their local community in next 12 months (Coventry Household Survey 2021),
HHS2021q33czeroactiverecreation,"% No Active recreation in the last week (Recreational walking / cycling, active play with children)",Cultural Participation (Estimated),1,Coventry Household Survey 2021,"% of people who say they've done no Active recreation in the last week For example: Recreational walking / cycling, active play (with children) at home or at the playground when allowed (Coventry Household Survey 2021)",
HHS2021q33azeroculturalactivity,"% No Cultural Activities nor social activities in the last week (visiting a museum virtually, watching a play or musical online or an online/virtual chat with a friend)",Cultural Participation (Estimated),1,Coventry Household Survey 2021,"% of people who say they've done no Cultural Activities and social activities in the last week– e.g. visiting a museum virtually, watching a play or musical online or an online/virtual chat with a friend (Coventry Household Survey 2021)",
HHS2021q33bzeroeverydayactivity,"% No Everyday activity in the last week (Active travel, heavy housework, gardening / DIY, occupational activity)",Cultural Participation (Estimated),1,Coventry Household Survey 2021,"% of people who say they’ve done no Everyday activity in the last week For example: Active travel (walking or cycling as a form of transport), heavy housework, gardening / DIY, occupational activity (Coventry Household Survey 2021)",
HHS2021q33dzerosport,% No Sport done in the last week,Cultural Participation (Estimated),1,Coventry Household Survey 2021,% of people who say they've done no Sport in the last week (Coventry Household Survey 2021),
HHS2021q34czeroliveevents,% Not attended a live event in Coventry in the last 12 months,Cultural Participation (Estimated),1,Coventry Household Survey 2021,% say they've not attended a live event in Coventry in the last 12 months (Coventry Household Survey 2021),
HHS2021q34azeromuseums,% Not attended a museum or gallery in Coventry in the last 12 months,Cultural Participation (Estimated),1,Coventry Household Survey 2021,% say they've not attended a museum or gallery in Coventry in the last 12 months (Coventry Household Survey 2021),
HHS2021q34bzeropubsclubs,"% Not attended a pub, club or bar in Coventry in the last 12 months",Cultural Participation (Estimated),1,Coventry Household Survey 2021,"% say they've not attended a pub, club or bar in Coventry in the last 12 months (Coventry Household Survey 2021)",
HHS2021q34gzerocommunityart,"% Not attended arts-based community groups (e.g. dance, music, arts, etc.) in Coventry in the last 12 months",Cultural Participation (Estimated),1,Coventry Household Survey 2021,"% say they've not attended arts-based community groups (e.g. dance, music, arts, etc.) in Coventry in the last 12 months (Coventry Household Survey 2021)",
HHS2021q34fzerocinema,% Not attended cinema in Coventry in the last 12 months,Cultural Participation (Estimated),1,Coventry Household Survey 2021,% say they've not attended cinema in Coventry in the last 12 months (Coventry Household Survey 2021),
HHS2021q34hzerofaith-basedarts,% Not attended Faith-based cultural activities in Coventry in the last 12 months,Cultural Participation (Estimated),1,Coventry Household Survey 2021,% say they've not attended Faith-based cultural activities in Coventry in the last 12 months (Coventry Household Survey 2021),
HHS2021q34dzerolivemusic,% Not attended live music in Coventry in the last 12 months,Cultural Participation (Estimated),1,Coventry Household Survey 2021,% say they've not attended live music in Coventry in the last 12 months (Coventry Household Survey 2021),
HHS2021q34ezerotheatre,% Not attended theatre performances in Coventry in the last 12 months,Cultural Participation (Estimated),1,Coventry Household Survey 2021,% say they've not attended theatre performances in Coventry in the last 12 months (Coventry Household Survey 2021),
HHS2021q34izerohome-basedarts,"% Not done any Home-based activity (e.g. crafts, music making and painting) in Coventry in the last 12 months",Cultural Participation (Estimated),1,Coventry Household Survey 2021,"% say they've not done any Home-based activity (e.g. crafts, music making and painting) in Coventry in the last 12 months (Coventry Household Survey 2021)",
HHS2021q33dzeropark/openspace,% Not visited a park or open space in the last week,Cultural Participation (Estimated),1,Coventry Household Survey 2021,% of people who say they've not visited a park or open space in the last week (Coventry Household Survey 2021),
HHS2021q32moveoutofcoventry,% say they'll move out of Coventry in the next 4-5 years,Demographics and Community,5,Coventry Household Survey 2021,% of the people who say they'll move in the next 4-5 years who want to move out of Coventry (Coventry Household Survey 2021),% of the people who say they'll move in the next 4-5 years who want to move out of Coventry
HHS2021q28ccarkidstoschool,% say they escort children to school by car,Transport,1,Coventry Household Survey 2021,% of those who escort children to school that use a car (Coventry Household Survey 2021),
HHS2021q27bcartoeducation,% say they travel to education by car,Transport,1,Coventry Household Survey 2021,% of those who travel to education that use a car (Coventry Household Survey 2021),
HHS2021q27acartowork,% say they travel to work by car,Transport,1,Coventry Household Survey 2021,% of those who travel to work who use a car (Coventry Household Survey 2021),
HHS2021SWEMWBSProbDepressed,% Probably Depressed from SWEMWBS Score,Deprivation,1,Coventry Household Survey 2021,% Probably Depressed from SWEMWBS Score (Coventry Household Survey 2021),
HHS2021q8ratecitycentreterrible,% rate Coventry City Centre as Terrible,Demographics and Community,5,Coventry Household Survey 2021,% rate Coventry City Centre as Terrible (Coventry Household Survey 2021),
HSS2021q1satwherelive,% Satisfied with local area as a place to live,"Civic Pride, Community Cohesion & Safety",5,Coventry Household Survey 2021,% Satisfied with local area as a place to live (Coventry Household Survey 2021),
HSS2021q2satcouncilrunsthings,% Satisfied with the way The Council runs things,Demographics and Community,5,Coventry Household Survey 2021,% Satisfied with the way The Council runs things (Coventry Household Survey 2021),
HHS2021q19bpricemostimportant,% say price is most important factor when deciding food to buy,Health & Wellbeing,1,Coventry Household Survey 2021,% say price is most important factor when deciding food to buy (Coventry Household Survey 2021),
HHS2021q38covidpostivepreceptionCoC,% say the COVID-19 pandemic positively changed your perception of the value of Coventry City of Culture,Cultural Participation (Estimated),1,Coventry Household Survey 2021,% say the COVID-19 pandemic positively changed your perception of the value of Coventry City of Culture (Coventry Household Survey 2021),
HHS2021q25activitylimitedbyhealth,% say their daily activity is limited by bad health,Health & Wellbeing,1,Coventry Household Survey 2021,% say their daily activity is limited by bad health (Coventry Household Survey 2021),
HHS2021q15generalhealthisgood,% say their general health is good,Health & Wellbeing,1,Coventry Household Survey 2021,% say their general health is good (Coventry Household Survey 2021),
HHS2021q30likelytomoveinnext4-5years,% say they are likely to be moving home in the next 4-5 years,Demographics and Community,5,Coventry Household Survey 2021,% say they are likely to be moving home in the next 4-5 years (Coventry Household Survey 2021),
HHS2021q21householdnotenoughtoeat,% say they don’t have enough to eat compared to 12 months ago,Health & Wellbeing,1,Coventry Household Survey 2021,% say they don’t have enough to eat compared to 12 months ago (Coventry Household Survey 2021),
HHS2021q232-3unitson5+days,% say they drink 2-3 units of alcohol on 5 or more days per week,Health & Wellbeing,1,Coventry Household Survey 2021,% say they drink 2-3 units of alcohol on 5 or more days per week (Coventry Household Survey 2021),
HHS2021q22drinkalcohol2+dayspw,% say they drink alcohol on 2 or more days per week,Health & Wellbeing,1,Coventry Household Survey 2021,% say they drink alcohol on 2 or more days per week (Coventry Household Survey 2021),
HHS2021q26worriedaboutmoneyoftenormore,% say they worry about money in recent weeks often or more,Health & Wellbeing,1,Coventry Household Survey 2021,% say they worry about money in recent weeks often or more (Coventry Household Survey 2021),
HHS2021q13agreeagreeopportunitiesinvolved,% There are opportunities to get involved in improving their area,"Civic Pride, Community Cohesion & Safety",5,Coventry Household Survey 2021,% agree there are opportunities to get involved in improving their area (Coventry Household Survey 2021),
HHS2021q39covrespondedtocovidwell,% think that Coventry as a whole has responded to the COVID-19 pandemic well,Demographics and Community,5,Coventry Household Survey 2021,% think that Coventry as a whole has responded to the COVID-19 pandemic well (Coventry Household Survey 2021),
HHS2021q4Councilactsonconcernsagreatdeal,% think the Council acts on the concerns of local residents a great deal,Demographics and Community,5,Coventry Household Survey 2021,% think the Council acts on the concerns of local residents a great deal (Coventry Household Survey 2021),2021 - No-participation in Coventry - Adults
HHS2021q5Councilkeepsresidentswellinformed,% think the Council keeps residents well informed,Demographics and Community,5,Coventry Household Survey 2021,% think the Council keeps residents well informed (Coventry Household Survey 2021),2021 - Participation in Coventry- Adults
HHS2021q40volunteerdbeforecovid,% volunteered formally or informally before the COVID-19 pandemic,"Civic Pride, Community Cohesion & Safety",5,Coventry Household Survey 2021,% who volunteered formally or informally before the COVID-19 pandemic (Coventry Household Survey 2021),2021 - Participation in Coventry excluding pubs - Adults
HHS2021q40volunteerdduringcovid,% volunteered formally or informally during the COVID-19 pandemic,"Civic Pride, Community Cohesion & Safety",5,Coventry Household Survey 2021,% who volunteered formally or informally during the COVID-19 pandemic (Coventry Household Survey 2021),2021 - Participation in Coventry - Children
5,2018 - % feel safe outside at night,Historical Data,8,Coventry Household Survey 2018,% in area feel safe - Coventry Household Survey 2018,2021 - Participation in Coventry excluding pubs - Children
4,2018 - % feel safe outside during the day,Historical Data,8,Coventry Household Survey 2018,% in area feel safe - Coventry Household Survey 2018,2021 - Mean Household Income
1,2018 - % feel they are likely to get involved in making improvements in their local community,Historical Data,8,Coventry Household Survey 2018,% in area agree - Coventry Household Survey 2018,
6,2018 - % Satisfied with local area as a place to live,Historical Data,8,Coventry Household Survey 2018,% in area satisfied with local area - Coventry Household Survey 2018,
2,2018 - Agree They Can Influence Decisions,Historical Data,8,Coventry Household Survey 2018,% in area agree - Coventry Household Survey 2018,
3,2018 - City Centre Satisfaction,Historical Data,8,Coventry Household Survey 2018,% in area satisfied - Coventry Household Survey 2018,
186,2018 - No-participation in Coventry - Adults,Historical Data,1,Coventry Household Survey 2018,"% of people who had not attended cultural events in Coventry, online or in person, in the last 12 months (from Coventry Household Survey 2018)",
187,2018 - Participation in Coventry - Adults,Historical Data,1,Coventry Household Survey 2018,"% of people who had attended cultural events in Coventry, online or in person, in the last 12 months (from Coventry Household Survey 2018)",
188,2018 - Participation in Coventry (Pubs & cinemas only) - Adults,Historical Data,1,Coventry Household Survey 2018,,
189,2018 - Participation in Coventry excluding pubs & cinemas - Adults,Historical Data,1,Coventry Household Survey 2018,"% of people who had attended cultural events in Coventry, online or in person, in the last 12 months, excluding pubs (from Coventry Household Survey 2018)",
190,2018 - Participation in Coventry excluding pubs & cinemas - Children,Historical Data,1,Coventry Household Survey 2018,"% of people whose children had attended cultural events in Coventry, online or in person, in the last 12 months, excluding pubs (from Coventry Household Survey 2018)",
191,2018 - Total Participation in Coventry - Children,Historical Data,1,Coventry Household Survey 2018,"% of people whose children had attended cultural events in Coventry, online or in person, in the last 12 months (from Coventry Household Survey 2018)",
89,Adults 16+ estimate 2019,Demographics and Community,4,Population aged 16 and over,% Over 16's in area population,
67,Archeological Sites (TGI),Cultural Participation (Actual),8,,% in the area visiting this type of venue (Target Group Index Survey Participation Estimate) ,
68,Art galleries (TGI),Cultural Participation (Actual),8,,% in the area visiting this type of venue (Target Group Index Survey Participation Estimate) ,% feel they belong strongly to Coventry
69,Art gallery once a month or more (TGI),Cultural Participation (Actual),8,,% in the area visiting this type of venue (Target Group Index Survey Participation Estimate) ,% feel they belong strongly to their local area
185,Attend Heritage Sites,Cultural Participation (Actual),2,,"% of people by MSOA involved in heritage sites like Museums, Archaeological Sites, Stately Homes and Castles",% feel they belong to their local community MORE post COVID-19
103,Average household size (Persons),Demographics and Community,8,http://id.esd.org.uk/metricType/1983,Persons per household,% agree where they live is a place where people from different backgrounds get along
16,Average yield per ticket (AFD),Cultural Participation (Actual),8,Audience Finder Data - Total Bookings ,GBP,% agree there are opportunities to get involved in improving their area
18,Avg. performances booked for per customer (AFD),Cultural Participation (Actual),8,Audience Finder Data - Total Bookings ,Average number of performances booked,% feel they are likely to get involved in making improvements in their local community in next 12 months
70,Ballet (TGI),Cultural Participation (Actual),8,,% in the area visiting this type of venue (Target Group Index Survey Participation Estimate) ,
111,Career Climbers (ACORN),Segmentation (ACORN),8,https://acorn.caci.co.uk/downloads/Acorn-User-guide.pdf,The concentration of this type in this area,
88,Children 0-15 estimate 2019,Demographics and Community,3,Population aged 0-15,% Children in area population,
71,Cinema_Ever go to the cinema (TGI),Cultural Participation (Actual),8,,% in the area visiting this type of venue (Target Group Index Survey Participation Estimate) ,
72,Cinema_Go every two or three months (TGI),Cultural Participation (Actual),8,,% in the area visiting this type of venue (Target Group Index Survey Participation Estimate) ,
73,Cinema_Go once or more a month (TGI),Cultural Participation (Actual),8,,% in the area visiting this type of venue (Target Group Index Survey Participation Estimate) ,
74,Cinema_Never go (TGI),Cultural Participation (Actual),8,,% in the area visiting this type of venue (Target Group Index Survey Participation Estimate) ,
192,City of Culture - Average participation,Cultural Participation (Actual),1,Ticketing data of City of Culture,Participants of City of Culture events by population,
113,City Sophisticates (ACORN),Segmentation (ACORN),8,https://acorn.caci.co.uk/downloads/Acorn-User-guide.pdf,The concentration of this type in this area,
75,Classical concerts (TGI),Cultural Participation (Actual),8,,% in the area visiting this type of venue (Target Group Index Survey Participation Estimate) ,
76,Comedy Shows (TGI),Cultural Participation (Actual),8,,% in the area visiting this type of venue (Target Group Index Survey Participation Estimate) ,
115,Comfortable Seniors (ACORN),Segmentation (ACORN),8,https://acorn.caci.co.uk/downloads/Acorn-User-guide.pdf,The concentration of this type in this area,
77,Contemporary dance (TGI),Cultural Participation (Actual),8,,% in the area visiting this type of venue (Target Group Index Survey Participation Estimate) ,
117,Countryside Communities (ACORN),Segmentation (ACORN),8,https://acorn.caci.co.uk/downloads/Acorn-User-guide.pdf,The concentration of this type in this area,
119,Difficult Circumstances (ACORN),Segmentation (ACORN),8,https://acorn.caci.co.uk/downloads/Acorn-User-guide.pdf,The concentration of this type in this area,
121,Executive Wealth (ACORN),Segmentation (ACORN),8,https://acorn.caci.co.uk/downloads/Acorn-User-guide.pdf,The concentration of this type in this area,
104,Health Deprivation and Disability Score,Deprivation,8,% Persons living in Households deprived due to poor health or disability,"The higher the  score, the more deprived an area is ",
105,IDACI (Income Deprivation Affecting Children Index) Score (rate),Deprivation,8,% Children living in Income Deprived Households,% Children living in Income Deprived Households,
106,IDAOPI (Income Deprivation Affecting Older People) Score (rate),Deprivation,8,% Older People living in Income Deprived Households,% Older People living in Income Deprived Households,
107,Index of Multiple Deprivation (IMD) Score,Deprivation,8,The higher the score - the more deprived the area is,The higher the score - the more deprived the area is,
78,Jazz concerts (TGI),Cultural Participation (Actual),8,,% in the area visiting this type of venue (Target Group Index Survey Participation Estimate) ,
123,Lavish Lifestyles (ACORN),Segmentation (ACORN),8,https://acorn.caci.co.uk/downloads/Acorn-User-guide.pdf,The concentration of this type in this area,
96,Life Expectancy at Birth (Female) ,Demographics and Community,8,http://id.esd.org.uk/metricType/3336,Years,
97,Life Expectancy at Birth (Male) ,Demographics and Community,8,http://id.esd.org.uk/metricType/3335,Years,
125,Mature Money (ACORN),Segmentation (ACORN),8,https://acorn.caci.co.uk/downloads/Acorn-User-guide.pdf,The concentration of this type in this area,
176,Mean Household Income,Demographics and Community,9,,Mean household income in 2021 by MSOA,
87,Median Age,Demographics and Community,2,http://id.esd.org.uk/metricType/1941,Average Age in Years (from Census 2011),
127,Modest Means (ACORN),Segmentation (ACORN),8,https://acorn.caci.co.uk/downloads/Acorn-User-guide.pdf,The concentration of this type in this area,"% of people who say they've done no Cultural Activities and social activities in the last week– e.g. visiting a museum virtually, watching a play or musical online or an online/virtual chat with a friend"
79,Museums (TGI),Cultural Participation (Actual),8,,% in the area visiting this type of venue (Target Group Index Survey Participation Estimate) ,"% of people who say they’ve done no Everyday activity in the last week For example: Active travel (walking or cycling as a form of transport), heavy housework, gardening / DIY, occupational activity"
33,Museums/Heritage (AFD-All Bookers),Cultural Participation (Actual),8,Audience Finder Data - Total Bookings ,Number of bookings made,"% of people who say they've done no Active recreation in the last week For example: Recreational walking / cycling, active play (with children) at home or at the playground when allowed"
99,No qualifications,Deprivation,8,http://id.esd.org.uk/metricType/2001,Number of persons and % of population,% of people who say they've not visited a park or open space in the last week
109,No. of people not in employment on Universal Credit,Deprivation,8,https://www.gov.uk/government/publications/universal-credit-statistics-background-information-and-methodology/universal-credit-statistics-background-information-and-methodology,Persons,% of people who say they've done no Sport in the last week
102,No-one in household with English as main language,Demographics and Community,8,http://id.esd.org.uk/metricType/2094,Number and % of Households ,% say they've attended a museum or gallery in person in Coventry in the last 12 months
171,No-participation in Coventry - Adults,Cultural Participation (Estimated),1,Coventry Household Survey 2021,"% of people who had not attended cultural events in Coventry, online or in person, in the last 12 months (from Coventry Household Survey 2021)",% say they've not attended a museum or gallery in Coventry in the last 12 months
129,Not Private Households (ACORN),Segmentation (ACORN),8,https://acorn.caci.co.uk/downloads/Acorn-User-guide.pdf,The concentration of this type in this area,"% say they've attended a pub, club or bar in person in Coventry in the last 12 months"
11,Number of Bookers (AFD Bookers at Cov Venues),Cultural Participation (Actual),2,Audience Finder Data - Bookings @ Coventry Venues,Number of bookings made,"% say they've not attended a pub, club or bar in Coventry in the last 12 months"
12,Number of Bookers (AFD-All) ,Cultural Participation (Actual),2,Audience Finder Data - Total Bookings ,Number of bookings made,% say they've attended a live event in person in Coventry in the last 12 months
49,Number of performances (AFD Bookers at Cov Venues),Cultural Participation (Actual),8,Audience Finder Data - Bookings @ Coventry Venues,Number of bookings made,% say they've not attended a live event in Coventry in the last 12 months
50,Number of performances (AFD),Cultural Participation (Actual),8,Audience Finder Data - Total Bookings ,Number of bookings made,% say they've attended live music in person in Coventry in the last 12 months
100,Obese children in reception year (%),Health & Wellbeing,8,http://id.esd.org.uk/metricType/3333,From Child Measurement Programme,% say they've attended live music virtually in Coventry in the last 12 months
101,Obese children in year 6 (%),Health & Wellbeing,8,http://id.esd.org.uk/metricType/3333,From Child Measurement Programme,% say they've not attended live music in Coventry in the last 12 months
80,Opera (TGI),Cultural Participation (Actual),8,,% in the area visiting this type of venue (Target Group Index Survey Participation Estimate) ,% say they've attended theatre performances in person in Coventry in the last 12 months
174,Participation in Coventry - Children,Cultural Participation (Estimated),1,Coventry Household Survey 2021,"% of people whose children had attended cultural events in Coventry, online or in person, in the last 12 months, excluding pubs (from Coventry Household Survey 2021)",% say they've attended theatre performances virtually in Coventry in the last 12 months
172,Participation in Coventry- Adults,Cultural Participation (Estimated),1,Coventry Household Survey 2021,"% of people who had attended cultural events in Coventry, online or in person, in the last 12 months (from Coventry Household Survey 2021)",% say they've not attended theatre performances in Coventry in the last 12 months
173,Participation in Coventry excluding pubs - Adults,Cultural Participation (Estimated),1,Coventry Household Survey 2021,"% of people who had attended cultural events in Coventry, online or in person, in the last 12 months, excluding pubs (from Coventry Household Survey 2021)",% say they've attended cinema in person in Coventry in the last 12 months
175,Participation in Coventry excluding pubs - Children,Cultural Participation (Estimated),1,Coventry Household Survey 2021,"% of people whose children had attended cultural events in Coventry, online or in person, in the last 12 months (from Coventry Household Survey 2021)",% say they've not attended cinema in Coventry in the last 12 months
81,Plays (TGI),Cultural Participation (Actual),8,,% in the area visiting this type of venue (Target Group Index Survey Participation Estimate) ,"% say they've attended arts-based community groups (e.g. dance, music, arts, etc.) in person in Coventry in the last 12 months"
131,Poorer Pensioners (ACORN),Segmentation (ACORN),8,https://acorn.caci.co.uk/downloads/Acorn-User-guide.pdf,The concentration of this type in this area,"% say they've attended arts-based community groups (e.g. dance, music, arts, etc.) virtually in Coventry in the last 12 months"
82,Popular/rock concert (TGI),Cultural Participation (Actual),8,,% in the area visiting this type of venue (Target Group Index Survey Participation Estimate) ,"% say they've not attended arts-based community groups (e.g. dance, music, arts, etc.) in Coventry in the last 12 months"
179,Population (Asian),Demographics and Community,1,,% of Asian population,% say they've attended Faith-based cultural activities in Coventry in person in the last 12 months
180,Population (Black),Demographics and Community,1,,% of Black population,% say they've attended Faith-based cultural activities in Coventry virtually in the last 12 months
181,Population (Mixed),Demographics and Community,1,,% of Mixed population,% say they've not attended Faith-based cultural activities in Coventry in the last 12 months
182,Population (Other),Demographics and Community,1,Active Lives,% of Other population,"% say they've done any Home-based activity (e.g. crafts, music making and painting) in person in Coventry in the last 12 months"
178,Population (White),Demographics and Community,1,,% of White population,"% say they've done any Home-based activity (e.g. crafts, music making and painting) virtually in Coventry in the last 12 months"
94,Population aged 50 and over 2019,Demographics and Community,8,https://standards.esd.org.uk/?uri=metricType%2F12976,% of over 50's in area population,"% say they've not done any Home-based activity (e.g. crafts, music making and painting) in Coventry in the last 12 months"
92,Population density (inhabitants per hectare),Demographics and Community,7,http://id.esd.org.uk/metricType/176,Persons per Hectare,% say the COVID-19 pandemic positively changed your perception of the value of Coventry City of Culture
133,Starting Out (ACORN),Segmentation (ACORN),8,https://acorn.caci.co.uk/downloads/Acorn-User-guide.pdf,The concentration of this type in this area,
83,Stately homes/ castles (TGI),Cultural Participation (Actual),8,,% in the area visiting this type of venue (Target Group Index Survey Participation Estimate) ,% who volunteered formally or informally before the COVID-19 pandemic
135,Steady Neighbourhoods (ACORN),Segmentation (ACORN),8,https://acorn.caci.co.uk/downloads/Acorn-User-guide.pdf,The concentration of this type in this area,% who volunteered formally or informally during the COVID-19 pandemic
137,Striving Families (ACORN),Segmentation (ACORN),8,https://acorn.caci.co.uk/downloads/Acorn-User-guide.pdf,The concentration of this type in this area,
139,Struggling Estates (ACORN),Segmentation (ACORN),8,https://acorn.caci.co.uk/downloads/Acorn-User-guide.pdf,The concentration of this type in this area,
141,Student Life (ACORN),Segmentation (ACORN),8,https://acorn.caci.co.uk/downloads/Acorn-User-guide.pdf,The concentration of this type in this area,% feel safe outside at night
143,Successful Suburbs (ACORN),Segmentation (ACORN),8,https://acorn.caci.co.uk/downloads/Acorn-User-guide.pdf,The concentration of this type in this area,% feel safe outside during the day
84,Theatre (TGI),Cultural Participation (Actual),8,,% in the area visiting this type of venue (Target Group Index Survey Participation Estimate) ,
85,Theatre once a month or more (TGI),Cultural Participation (Actual),8,,% in the area visiting this type of venue (Target Group Index Survey Participation Estimate) ,% feel their local area has got better to live in in the last 2 years
8,Tickets Issued (AFD-All),Cultural Participation (Actual),1,Audience Finder Data - Total Bookings ,Number of tickets issued,
90,Total Population 2019,Demographics and Community,5,https://standards.esd.org.uk/?uri=metricType%2F3281,Persons,% Satisfied with local area as a place to live
86,WEMWBS Median Score ,Deprivation,1,https://warwick.ac.uk/fac/sci/med/research/platform/wemwbs/,The higher the score the more well people are feeling,
98,Working age unemployment,Demographics and Community,8,http://id.esd.org.uk/metricType/3314,Number of persons and % of working age population,
145,Young Hardship (ACORN),Segmentation (ACORN),8,https://acorn.caci.co.uk/downloads/Acorn-User-guide.pdf,The concentration of this type in this area,
